0,0,0,8,
1,1,1,1,
2,2,2,4,
3,3,3,4,
4,4,4,6,
5,5,5,7,
6,6,6,4,
7,7,7,4,
8,8,8,7,
9,9,9,3,
10,10,10,0,
11,11,11,4,
12,12,12,7,
13,13,13,4,
14,14,14,8,
15,15,15,6,
16,16,16,5,
17,17,17,6,
18,18,18,2,
19,19,19,6,
20,20,20,0,
21,21,21,2,
22,22,22,7,
23,23,23,8,
24,24,24,0,
25,25,25,4,
26,26,26,4,
27,27,27,1,
28,28,28,6,
29,29,29,3,
30,30,30,8,
31,31,31,6,
32,32,32,6,
33,33,33,2,
34,34,34,3,
35,35,35,7,
36,36,36,5,
37,37,37,3,
38,38,38,1,
39,39,39,3,
40,40,40,5,
41,41,41,8,
42,42,42,4,
43,43,43,4,
44,44,44,4,
45,45,45,7,
46,46,46,6,
47,47,47,1,
48,48,48,3,
49,49,49,4,
50,50,50,3,
51,51,51,0,
52,52,52,4,
53,53,53,3,
54,54,54,1,
55,55,55,8,
56,56,56,6,
57,57,57,4,
58,58,58,2,
59,59,59,7,
60,60,60,6,
61,61,61,8,
62,62,62,1,
63,63,63,2,
64,64,64,1,
65,65,65,8,
66,66,66,8,
67,67,67,7,
68,68,68,7,
69,69,69,6,
70,70,70,4,
71,71,71,7,
72,72,72,1,
73,73,73,3,
74,74,74,5,
75,75,75,8,
76,76,76,6,
77,77,77,6,
78,78,78,5,
79,79,79,5,
80,80,80,4,
81,81,81,4,
82,82,82,5,
83,83,83,7,
84,84,84,4,
85,85,85,6,
86,86,86,0,
87,87,87,2,
88,88,88,8,
89,89,89,5,
90,90,90,0,
91,91,91,6,
92,92,92,1,
93,93,93,3,
94,94,94,5,
95,95,95,2,
96,96,96,0,
97,97,97,0,
98,98,98,3,
99,99,99,5,
100,100,0,4,
101,101,1,0,
102,102,2,0,
103,103,3,1,
104,104,4,3,
105,105,5,0,
106,106,6,7,
107,107,7,1,
108,108,8,4,
109,109,9,6,
110,110,10,0,
111,111,11,1,
112,112,12,6,
113,113,13,1,
114,114,14,6,
115,115,15,5,
116,116,16,4,
117,117,17,7,
118,118,18,6,
119,119,19,3,
120,120,20,8,
121,121,21,4,
122,122,22,6,
123,123,23,3,
124,124,24,2,
125,125,25,8,
126,126,26,5,
127,127,27,8,
128,128,28,6,
129,129,29,1,
130,130,30,3,
131,131,31,6,
132,132,32,6,
133,133,33,7,
134,134,34,6,
135,135,35,6,
136,136,36,3,
137,137,37,3,
138,138,38,0,
139,139,39,3,
140,140,40,1,
141,141,41,6,
142,142,42,0,
143,143,43,0,
144,144,44,5,
145,145,45,4,
146,146,46,4,
147,147,47,5,
148,148,48,5,
149,149,49,3,
150,150,50,6,
151,151,51,8,
152,152,52,5,
153,153,53,2,
154,154,54,3,
155,155,55,4,
156,156,56,7,
157,157,57,2,
158,158,58,1,
159,159,59,7,
160,160,60,7,
161,161,61,5,
162,162,62,0,
163,163,63,5,
164,164,64,0,
165,165,65,4,
166,166,66,5,
167,167,67,2,
168,168,68,6,
169,169,69,8,
170,170,70,1,
171,171,71,5,
172,172,72,2,
173,173,73,4,
174,174,74,5,
175,175,75,4,
176,176,76,5,
177,177,77,5,
178,178,78,7,
179,179,79,8,
180,180,80,7,
181,181,81,8,
182,182,82,3,
183,183,83,6,
184,184,84,2,
185,185,85,7,
186,186,86,0,
187,187,87,2,
188,188,88,3,
189,189,89,2,
190,190,90,2,
191,191,91,3,
192,192,92,1,
193,193,93,1,
194,194,94,4,
195,195,95,6,
196,196,96,2,
197,197,97,1,
198,198,98,1,
199,199,99,2,
200,200,0,8,
201,201,1,8,
202,202,2,3,
203,203,3,6,
204,204,4,6,
205,205,5,2,
206,206,6,7,
207,207,7,3,
208,208,8,0,
209,209,9,2,
210,210,10,4,
211,211,11,6,
212,212,12,6,
213,213,13,7,
214,214,14,1,
215,215,15,4,
216,216,16,2,
217,217,17,8,
218,218,18,1,
219,219,19,8,
220,220,20,1,
221,221,21,3,
222,222,22,2,
223,223,23,3,
224,224,24,6,
225,225,25,3,
226,226,26,7,
227,227,27,7,
228,228,28,8,
229,229,29,7,
230,230,30,8,
231,231,31,4,
232,232,32,3,
233,233,33,3,
234,234,34,4,
235,235,35,8,
236,236,36,0,
237,237,37,7,
238,238,38,7,
239,239,39,4,
240,240,40,8,
241,241,41,7,
242,242,42,0,
243,243,43,3,
244,244,44,8,
245,245,45,5,
246,246,46,1,
247,247,47,3,
248,248,48,3,
249,249,49,6,
250,250,50,4,
251,251,51,6,
252,252,52,6,
253,253,53,2,
254,254,54,3,
255,255,55,0,
256,256,56,7,
257,257,57,2,
258,258,58,0,
259,259,59,3,
260,260,60,3,
261,261,61,1,
262,262,62,1,
263,263,63,5,
264,264,64,1,
265,265,65,1,
266,266,66,8,
267,267,67,5,
268,268,68,4,
269,269,69,1,
270,270,70,8,
271,271,71,3,
272,272,72,2,
273,273,73,8,
274,274,74,8,
275,275,75,1,
276,276,76,5,
277,277,77,6,
278,278,78,3,
279,279,79,1,
280,280,80,2,
281,281,81,4,
282,282,82,4,
283,283,83,4,
284,284,84,4,
285,285,85,1,
286,286,86,2,
287,287,87,1,
288,288,88,5,
289,289,89,3,
290,290,90,4,
291,291,91,8,
292,292,92,7,
293,293,93,8,
294,294,94,4,
295,295,95,1,
296,296,96,3,
297,297,97,3,
298,298,98,6,
299,299,99,5,
300,300,0,7,
301,301,1,1,
302,302,2,1,
303,303,3,3,
304,304,4,2,
305,305,5,2,
306,306,6,7,
307,307,7,7,
308,308,8,5,
309,309,9,6,
310,310,10,3,
311,311,11,2,
312,312,12,8,
313,313,13,1,
314,314,14,7,
315,315,15,5,
316,316,16,2,
317,317,17,4,
318,318,18,3,
319,319,19,0,
320,320,20,4,
321,321,21,8,
322,322,22,3,
323,323,23,5,
324,324,24,7,
325,325,25,5,
326,326,26,7,
327,327,27,5,
328,328,28,7,
329,329,29,6,
330,330,30,3,
331,331,31,2,
332,332,32,1,
333,333,33,3,
334,334,34,8,
335,335,35,6,
336,336,36,5,
337,337,37,6,
338,338,38,6,
339,339,39,5,
340,340,40,3,
341,341,41,5,
342,342,42,3,
343,343,43,8,
344,344,44,2,
345,345,45,3,
346,346,46,5,
347,347,47,5,
348,348,48,7,
349,349,49,6,
350,350,50,1,
351,351,51,1,
352,352,52,1,
353,353,53,6,
354,354,54,3,
355,355,55,4,
356,356,56,8,
357,357,57,6,
358,358,58,4,
359,359,59,7,
360,360,60,4,
361,361,61,5,
362,362,62,5,
363,363,63,6,
364,364,64,0,
365,365,65,3,
366,366,66,5,
367,367,67,8,
368,368,68,5,
369,369,69,8,
370,370,70,8,
371,371,71,0,
372,372,72,5,
373,373,73,7,
374,374,74,4,
375,375,75,5,
376,376,76,0,
377,377,77,8,
378,378,78,4,
379,379,79,5,
380,380,80,8,
381,381,81,0,
382,382,82,7,
383,383,83,8,
384,384,84,0,
385,385,85,0,
386,386,86,3,
387,387,87,8,
388,388,88,1,
389,389,89,8,
390,390,90,3,
391,391,91,4,
392,392,92,3,
393,393,93,2,
394,394,94,8,
395,395,95,3,
396,396,96,8,
397,397,97,1,
398,398,98,5,
399,399,99,4,
400,400,0,6,
401,401,1,4,
402,402,2,1,
403,403,3,2,
404,404,4,3,
405,405,5,1,
406,406,6,6,
407,407,7,0,
408,408,8,1,
409,409,9,3,
410,410,10,2,
411,411,11,7,
412,412,12,6,
413,413,13,4,
414,414,14,8,
415,415,15,5,
416,416,16,4,
417,417,17,7,
418,418,18,1,
419,419,19,7,
420,420,20,6,
421,421,21,2,
422,422,22,1,
423,423,23,5,
424,424,24,1,
425,425,25,8,
426,426,26,7,
427,427,27,0,
428,428,28,4,
429,429,29,8,
430,430,30,8,
431,431,31,4,
432,432,32,7,
433,433,33,4,
434,434,34,2,
435,435,35,4,
436,436,36,3,
437,437,37,7,
438,438,38,2,
439,439,39,6,
440,440,40,8,
441,441,41,5,
442,442,42,1,
443,443,43,5,
444,444,44,6,
445,445,45,7,
446,446,46,4,
447,447,47,2,
448,448,48,4,
449,449,49,0,
450,450,50,4,
451,451,51,0,
452,452,52,7,
453,453,53,5,
454,454,54,6,
455,455,55,8,
456,456,56,6,
457,457,57,5,
458,458,58,4,
459,459,59,7,
460,460,60,7,
461,461,61,6,
462,462,62,1,
463,463,63,5,
464,464,64,8,
465,465,65,8,
466,466,66,7,
467,467,67,2,
468,468,68,7,
469,469,69,0,
470,470,70,5,
471,471,71,3,
472,472,72,7,
473,473,73,2,
474,474,74,7,
475,475,75,3,
476,476,76,4,
477,477,77,2,
478,478,78,6,
479,479,79,8,
480,480,80,4,
481,481,81,8,
482,482,82,1,
483,483,83,0,
484,484,84,8,
485,485,85,0,
486,486,86,5,
487,487,87,1,
488,488,88,2,
489,489,89,7,
490,490,90,1,
491,491,91,6,
492,492,92,3,
493,493,93,6,
494,494,94,6,
495,495,95,6,
496,496,96,6,
497,497,97,8,
498,498,98,4,
499,499,99,2,
500,500,0,4,
501,501,1,3,
502,502,2,2,
503,503,3,4,
504,504,4,3,
505,505,5,2,
506,506,6,2,
507,507,7,3,
508,508,8,3,
509,509,9,5,
510,510,10,5,
511,511,11,6,
512,512,12,1,
513,513,13,2,
514,514,14,5,
515,515,15,4,
516,516,16,7,
517,517,17,6,
518,518,18,4,
519,519,19,3,
520,520,20,3,
521,521,21,3,
522,522,22,3,
523,523,23,0,
524,524,24,0,
525,525,25,1,
526,526,26,1,
527,527,27,3,
528,528,28,7,
529,529,29,3,
530,530,30,6,
531,531,31,8,
532,532,32,7,
533,533,33,4,
534,534,34,8,
535,535,35,1,
536,536,36,3,
537,537,37,3,
538,538,38,8,
539,539,39,8,
540,540,40,4,
541,541,41,0,
542,542,42,4,
543,543,43,8,
544,544,44,5,
545,545,45,6,
546,546,46,7,
547,547,47,6,
548,548,48,4,
549,549,49,7,
550,550,50,6,
551,551,51,3,
552,552,52,6,
553,553,53,7,
554,554,54,2,
555,555,55,2,
556,556,56,6,
557,557,57,1,
558,558,58,4,
559,559,59,1,
560,560,60,4,
561,561,61,0,
562,562,62,6,
563,563,63,5,
564,564,64,4,
565,565,65,0,
566,566,66,6,
567,567,67,6,
568,568,68,0,
569,569,69,0,
570,570,70,8,
571,571,71,7,
572,572,72,2,
573,573,73,6,
574,574,74,5,
575,575,75,0,
576,576,76,2,
577,577,77,0,
578,578,78,5,
579,579,79,2,
580,580,80,4,
581,581,81,1,
582,582,82,2,
583,583,83,5,
584,584,84,7,
585,585,85,5,
586,586,86,6,
587,587,87,5,
588,588,88,1,
589,589,89,3,
590,590,90,8,
591,591,91,2,
592,592,92,4,
593,593,93,5,
594,594,94,8,
595,595,95,1,
596,596,96,4,
597,597,97,4,
598,598,98,3,
599,599,99,6,
600,600,0,3,
601,601,1,3,
602,602,2,6,
603,603,3,8,
604,604,4,3,
605,605,5,4,
606,606,6,3,
607,607,7,3,
608,608,8,4,
609,609,9,3,
610,610,10,2,
611,611,11,1,
612,612,12,7,
613,613,13,4,
614,614,14,0,
615,615,15,0,
616,616,16,7,
617,617,17,5,
618,618,18,2,
619,619,19,8,
620,620,20,7,
621,621,21,8,
622,622,22,5,
623,623,23,5,
624,624,24,2,
625,625,25,1,
626,626,26,0,
627,627,27,3,
628,628,28,5,
629,629,29,4,
630,630,30,0,
631,631,31,0,
632,632,32,7,
633,633,33,8,
634,634,34,6,
635,635,35,3,
636,636,36,6,
637,637,37,0,
638,638,38,4,
639,639,39,8,
640,640,40,3,
641,641,41,5,
642,642,42,6,
643,643,43,5,
644,644,44,5,
645,645,45,2,
646,646,46,8,
647,647,47,2,
648,648,48,2,
649,649,49,5,
650,650,50,1,
651,651,51,1,
652,652,52,5,
653,653,53,1,
654,654,54,6,
655,655,55,7,
656,656,56,8,
657,657,57,7,
658,658,58,0,
659,659,59,7,
660,660,60,8,
661,661,61,2,
662,662,62,2,
663,663,63,7,
664,664,64,8,
665,665,65,6,
666,666,66,5,
667,667,67,7,
668,668,68,0,
669,669,69,5,
670,670,70,2,
671,671,71,4,
672,672,72,7,
673,673,73,6,
674,674,74,8,
675,675,75,6,
676,676,76,6,
677,677,77,2,
678,678,78,3,
679,679,79,0,
680,680,80,3,
681,681,81,5,
682,682,82,8,
683,683,83,7,
684,684,84,0,
685,685,85,2,
686,686,86,0,
687,687,87,7,
688,688,88,0,
689,689,89,6,
690,690,90,2,
691,691,91,0,
692,692,92,0,
693,693,93,0,
694,694,94,0,
695,695,95,6,
696,696,96,5,
697,697,97,7,
698,698,98,2,
699,699,99,5,
700,700,0,4,
701,701,1,1,
702,702,2,5,
703,703,3,6,
704,704,4,3,
705,705,5,0,
706,706,6,8,
707,707,7,7,
708,708,8,3,
709,709,9,8,
710,710,10,3,
711,711,11,4,
712,712,12,1,
713,713,13,6,
714,714,14,1,
715,715,15,6,
716,716,16,4,
717,717,17,1,
718,718,18,2,
719,719,19,2,
720,720,20,4,
721,721,21,5,
722,722,22,1,
723,723,23,6,
724,724,24,4,
725,725,25,1,
726,726,26,6,
727,727,27,4,
728,728,28,2,
729,729,29,2,
730,730,30,5,
731,731,31,0,
732,732,32,3,
733,733,33,3,
734,734,34,0,
735,735,35,8,
736,736,36,5,
737,737,37,6,
738,738,38,7,
739,739,39,1,
740,740,40,2,
741,741,41,4,
742,742,42,6,
743,743,43,5,
744,744,44,5,
745,745,45,7,
746,746,46,4,
747,747,47,2,
748,748,48,8,
749,749,49,1,
750,750,50,5,
751,751,51,6,
752,752,52,5,
753,753,53,6,
754,754,54,0,
755,755,55,0,
756,756,56,7,
757,757,57,1,
758,758,58,0,
759,759,59,4,
760,760,60,7,
761,761,61,2,
762,762,62,1,
763,763,63,2,
764,764,64,1,
765,765,65,7,
766,766,66,2,
767,767,67,8,
768,768,68,5,
769,769,69,2,
770,770,70,8,
771,771,71,5,
772,772,72,8,
773,773,73,6,
774,774,74,4,
775,775,75,7,
776,776,76,1,
777,777,77,0,
778,778,78,8,
779,779,79,6,
780,780,80,6,
781,781,81,8,
782,782,82,8,
783,783,83,8,
784,784,84,5,
785,785,85,5,
786,786,86,5,
787,787,87,8,
788,788,88,6,
789,789,89,0,
790,790,90,6,
791,791,91,0,
792,792,92,1,
793,793,93,7,
794,794,94,3,
795,795,95,2,
796,796,96,7,
797,797,97,5,
798,798,98,7,
799,799,99,5,
800,800,0,0,
801,801,1,5,
802,802,2,2,
803,803,3,6,
804,804,4,5,
805,805,5,1,
806,806,6,4,
807,807,7,2,
808,808,8,8,
809,809,9,0,
810,810,10,6,
811,811,11,1,
812,812,12,6,
813,813,13,7,
814,814,14,8,
815,815,15,6,
816,816,16,8,
817,817,17,2,
818,818,18,4,
819,819,19,2,
820,820,20,4,
821,821,21,0,
822,822,22,2,
823,823,23,6,
824,824,24,5,
825,825,25,1,
826,826,26,0,
827,827,27,1,
828,828,28,8,
829,829,29,8,
830,830,30,0,
831,831,31,3,
832,832,32,8,
833,833,33,0,
834,834,34,5,
835,835,35,3,
836,836,36,0,
837,837,37,0,
838,838,38,3,
839,839,39,8,
840,840,40,4,
841,841,41,8,
842,842,42,8,
843,843,43,0,
844,844,44,2,
845,845,45,5,
846,846,46,5,
847,847,47,4,
848,848,48,6,
849,849,49,6,
850,850,50,5,
851,851,51,4,
852,852,52,6,
853,853,53,3,
854,854,54,0,
855,855,55,4,
856,856,56,3,
857,857,57,6,
858,858,58,3,
859,859,59,7,
860,860,60,5,
861,861,61,6,
862,862,62,0,
863,863,63,8,
864,864,64,5,
865,865,65,8,
866,866,66,6,
867,867,67,5,
868,868,68,1,
869,869,69,8,
870,870,70,7,
871,871,71,5,
872,872,72,5,
873,873,73,0,
874,874,74,3,
875,875,75,3,
876,876,76,1,
877,877,77,4,
878,878,78,8,
879,879,79,1,
880,880,80,0,
881,881,81,7,
882,882,82,6,
883,883,83,1,
884,884,84,1,
885,885,85,1,
886,886,86,6,
887,887,87,7,
888,888,88,0,
889,889,89,6,
890,890,90,8,
891,891,91,2,
892,892,92,7,
893,893,93,0,
894,894,94,3,
895,895,95,0,
896,896,96,4,
897,897,97,8,
898,898,98,3,
899,899,99,8,
900,900,0,6,
901,901,1,6,
902,902,2,5,
903,903,3,7,
904,904,4,5,
905,905,5,3,
906,906,6,6,
907,907,7,7,
908,908,8,2,
909,909,9,2,
910,910,10,3,
911,911,11,8,
912,912,12,8,
913,913,13,4,
914,914,14,1,
915,915,15,7,
916,916,16,6,
917,917,17,1,
918,918,18,4,
919,919,19,1,
920,920,20,3,
921,921,21,3,
922,922,22,8,
923,923,23,3,
924,924,24,3,
925,925,25,4,
926,926,26,2,
927,927,27,5,
928,928,28,3,
929,929,29,4,
930,930,30,4,
931,931,31,7,
932,932,32,4,
933,933,33,8,
934,934,34,5,
935,935,35,4,
936,936,36,3,
937,937,37,0,
938,938,38,7,
939,939,39,6,
940,940,40,4,
941,941,41,4,
942,942,42,1,
943,943,43,7,
944,944,44,5,
945,945,45,8,
946,946,46,4,
947,947,47,0,
948,948,48,4,
949,949,49,6,
950,950,50,7,
951,951,51,7,
952,952,52,7,
953,953,53,6,
954,954,54,1,
955,955,55,0,
956,956,56,2,
957,957,57,5,
958,958,58,6,
959,959,59,8,
960,960,60,4,
961,961,61,0,
962,962,62,1,
963,963,63,6,
964,964,64,7,
965,965,65,1,
966,966,66,5,
967,967,67,4,
968,968,68,6,
969,969,69,3,
970,970,70,5,
971,971,71,7,
972,972,72,5,
973,973,73,4,
974,974,74,2,
975,975,75,0,
976,976,76,0,
977,977,77,5,
978,978,78,8,
979,979,79,5,
980,980,80,4,
981,981,81,7,
982,982,82,0,
983,983,83,6,
984,984,84,6,
985,985,85,1,
986,986,86,2,
987,987,87,8,
988,988,88,7,
989,989,89,2,
990,990,90,5,
991,991,91,4,
992,992,92,8,
993,993,93,5,
994,994,94,8,
995,995,95,6,
996,996,96,0,
997,997,97,3,
998,998,98,2,
999,999,99,6,
1000,1000,0,6,
1001,1001,1,7,
1002,1002,2,0,
1003,1003,3,5,
1004,1004,4,5,
1005,1005,5,3,
1006,1006,6,4,
1007,1007,7,3,
1008,1008,8,5,
1009,1009,9,1,
1010,1010,10,3,
1011,1011,11,7,
1012,1012,12,3,
1013,1013,13,4,
1014,1014,14,0,
1015,1015,15,6,
1016,1016,16,0,
1017,1017,17,1,
1018,1018,18,8,
1019,1019,19,3,
1020,1020,20,1,
1021,1021,21,0,
1022,1022,22,2,
1023,1023,23,0,
1024,1024,24,6,
1025,1025,25,0,
1026,1026,26,4,
1027,1027,27,3,
1028,1028,28,4,
1029,1029,29,4,
1030,1030,30,5,
1031,1031,31,1,
1032,1032,32,5,
1033,1033,33,8,
1034,1034,34,3,
1035,1035,35,5,
1036,1036,36,7,
1037,1037,37,2,
1038,1038,38,1,
1039,1039,39,3,
1040,1040,40,3,
1041,1041,41,4,
1042,1042,42,2,
1043,1043,43,5,
1044,1044,44,2,
1045,1045,45,7,
1046,1046,46,1,
1047,1047,47,4,
1048,1048,48,3,
1049,1049,49,8,
1050,1050,50,5,
1051,1051,51,0,
1052,1052,52,6,
1053,1053,53,2,
1054,1054,54,1,
1055,1055,55,4,
1056,1056,56,5,
1057,1057,57,4,
1058,1058,58,4,
1059,1059,59,6,
1060,1060,60,3,
1061,1061,61,0,
1062,1062,62,3,
1063,1063,63,8,
1064,1064,64,8,
1065,1065,65,5,
1066,1066,66,2,
1067,1067,67,7,
1068,1068,68,2,
1069,1069,69,4,
1070,1070,70,6,
1071,1071,71,6,
1072,1072,72,3,
1073,1073,73,1,
1074,1074,74,4,
1075,1075,75,2,
1076,1076,76,5,
1077,1077,77,3,
1078,1078,78,6,
1079,1079,79,1,
1080,1080,80,5,
1081,1081,81,3,
1082,1082,82,1,
1083,1083,83,6,
1084,1084,84,0,
1085,1085,85,1,
1086,1086,86,3,
1087,1087,87,3,
1088,1088,88,1,
1089,1089,89,6,
1090,1090,90,4,
1091,1091,91,8,
1092,1092,92,4,
1093,1093,93,1,
1094,1094,94,3,
1095,1095,95,6,
1096,1096,96,0,
1097,1097,97,1,
1098,1098,98,0,
1099,1099,99,7,
1100,1100,0,4,
1101,1101,1,7,
1102,1102,2,0,
1103,1103,3,3,
1104,1104,4,5,
1105,1105,5,0,
1106,1106,6,2,
1107,1107,7,6,
1108,1108,8,6,
1109,1109,9,7,
1110,1110,10,5,
1111,1111,11,1,
1112,1112,12,0,
1113,1113,13,3,
1114,1114,14,1,
1115,1115,15,7,
1116,1116,16,2,
1117,1117,17,3,
1118,1118,18,2,
1119,1119,19,0,
1120,1120,20,4,
1121,1121,21,7,
1122,1122,22,4,
1123,1123,23,0,
1124,1124,24,1,
1125,1125,25,3,
1126,1126,26,1,
1127,1127,27,6,
1128,1128,28,7,
1129,1129,29,7,
1130,1130,30,4,
1131,1131,31,4,
1132,1132,32,0,
1133,1133,33,4,
1134,1134,34,5,
1135,1135,35,1,
1136,1136,36,1,
1137,1137,37,4,
1138,1138,38,4,
1139,1139,39,8,
1140,1140,40,5,
1141,1141,41,8,
1142,1142,42,2,
1143,1143,43,5,
1144,1144,44,0,
1145,1145,45,7,
1146,1146,46,3,
1147,1147,47,5,
1148,1148,48,5,
1149,1149,49,5,
1150,1150,50,7,
1151,1151,51,6,
1152,1152,52,6,
1153,1153,53,5,
1154,1154,54,2,
1155,1155,55,8,
1156,1156,56,6,
1157,1157,57,6,
1158,1158,58,4,
1159,1159,59,2,
1160,1160,60,1,
1161,1161,61,7,
1162,1162,62,7,
1163,1163,63,1,
1164,1164,64,7,
1165,1165,65,1,
1166,1166,66,1,
1167,1167,67,8,
1168,1168,68,5,
1169,1169,69,1,
1170,1170,70,7,
1171,1171,71,4,
1172,1172,72,6,
1173,1173,73,7,
1174,1174,74,2,
1175,1175,75,0,
1176,1176,76,3,
1177,1177,77,7,
1178,1178,78,7,
1179,1179,79,5,
1180,1180,80,7,
1181,1181,81,4,
1182,1182,82,2,
1183,1183,83,0,
1184,1184,84,4,
1185,1185,85,0,
1186,1186,86,0,
1187,1187,87,5,
1188,1188,88,5,
1189,1189,89,1,
1190,1190,90,7,
1191,1191,91,2,
1192,1192,92,5,
1193,1193,93,0,
1194,1194,94,7,
1195,1195,95,8,
1196,1196,96,4,
1197,1197,97,0,
1198,1198,98,8,
1199,1199,99,6,
1200,1200,0,3,
1201,1201,1,8,
1202,1202,2,4,
1203,1203,3,1,
1204,1204,4,1,
1205,1205,5,7,
1206,1206,6,2,
1207,1207,7,5,
1208,1208,8,6,
1209,1209,9,5,
1210,1210,10,8,
1211,1211,11,8,
1212,1212,12,5,
1213,1213,13,6,
1214,1214,14,4,
1215,1215,15,0,
1216,1216,16,6,
1217,1217,17,6,
1218,1218,18,0,
1219,1219,19,6,
1220,1220,20,1,
1221,1221,21,7,
1222,1222,22,0,
1223,1223,23,7,
1224,1224,24,2,
1225,1225,25,3,
1226,1226,26,0,
1227,1227,27,7,
1228,1228,28,3,
1229,1229,29,7,
1230,1230,30,3,
1231,1231,31,5,
1232,1232,32,0,
1233,1233,33,7,
1234,1234,34,0,
1235,1235,35,2,
1236,1236,36,5,
1237,1237,37,8,
1238,1238,38,8,
1239,1239,39,3,
1240,1240,40,0,
1241,1241,41,1,
1242,1242,42,6,
1243,1243,43,1,
1244,1244,44,7,
1245,1245,45,8,
1246,1246,46,8,
1247,1247,47,6,
1248,1248,48,6,
1249,1249,49,1,
1250,1250,50,4,
1251,1251,51,1,
1252,1252,52,2,
1253,1253,53,5,
1254,1254,54,5,
1255,1255,55,2,
1256,1256,56,3,
1257,1257,57,2,
1258,1258,58,4,
1259,1259,59,7,
1260,1260,60,6,
1261,1261,61,0,
1262,1262,62,0,
1263,1263,63,5,
1264,1264,64,6,
1265,1265,65,3,
1266,1266,66,1,
1267,1267,67,0,
1268,1268,68,3,
1269,1269,69,5,
1270,1270,70,6,
1271,1271,71,7,
1272,1272,72,2,
1273,1273,73,4,
1274,1274,74,0,
1275,1275,75,1,
1276,1276,76,6,
1277,1277,77,6,
1278,1278,78,4,
1279,1279,79,0,
1280,1280,80,0,
1281,1281,81,8,
1282,1282,82,6,
1283,1283,83,5,
1284,1284,84,0,
1285,1285,85,1,
1286,1286,86,1,
1287,1287,87,0,
1288,1288,88,0,
1289,1289,89,4,
1290,1290,90,4,
1291,1291,91,6,
1292,1292,92,7,
1293,1293,93,3,
1294,1294,94,5,
1295,1295,95,5,
1296,1296,96,8,
1297,1297,97,4,
1298,1298,98,3,
1299,1299,99,8,
1300,1300,0,5,
1301,1301,1,0,
1302,1302,2,6,
1303,1303,3,6,
1304,1304,4,7,
1305,1305,5,5,
1306,1306,6,7,
1307,1307,7,4,
1308,1308,8,2,
1309,1309,9,2,
1310,1310,10,5,
1311,1311,11,8,
1312,1312,12,0,
1313,1313,13,5,
1314,1314,14,6,
1315,1315,15,3,
1316,1316,16,7,
1317,1317,17,1,
1318,1318,18,5,
1319,1319,19,6,
1320,1320,20,5,
1321,1321,21,2,
1322,1322,22,2,
1323,1323,23,6,
1324,1324,24,4,
1325,1325,25,1,
1326,1326,26,4,
1327,1327,27,5,
1328,1328,28,2,
1329,1329,29,1,
1330,1330,30,2,
1331,1331,31,3,
1332,1332,32,6,
1333,1333,33,3,
1334,1334,34,4,
1335,1335,35,0,
1336,1336,36,0,
1337,1337,37,0,
1338,1338,38,1,
1339,1339,39,6,
1340,1340,40,0,
1341,1341,41,0,
1342,1342,42,5,
1343,1343,43,5,
1344,1344,44,4,
1345,1345,45,8,
1346,1346,46,4,
1347,1347,47,2,
1348,1348,48,4,
1349,1349,49,1,
1350,1350,50,2,
1351,1351,51,4,
1352,1352,52,8,
1353,1353,53,3,
1354,1354,54,8,
1355,1355,55,1,
1356,1356,56,4,
1357,1357,57,3,
1358,1358,58,6,
1359,1359,59,2,
1360,1360,60,6,
1361,1361,61,7,
1362,1362,62,3,
1363,1363,63,3,
1364,1364,64,2,
1365,1365,65,3,
1366,1366,66,6,
1367,1367,67,1,
1368,1368,68,6,
1369,1369,69,8,
1370,1370,70,8,
1371,1371,71,4,
1372,1372,72,5,
1373,1373,73,6,
1374,1374,74,7,
1375,1375,75,3,
1376,1376,76,6,
1377,1377,77,8,
1378,1378,78,6,
1379,1379,79,0,
1380,1380,80,6,
1381,1381,81,1,
1382,1382,82,1,
1383,1383,83,7,
1384,1384,84,5,
1385,1385,85,8,
1386,1386,86,6,
1387,1387,87,2,
1388,1388,88,3,
1389,1389,89,5,
1390,1390,90,7,
1391,1391,91,0,
1392,1392,92,6,
1393,1393,93,7,
1394,1394,94,5,
1395,1395,95,5,
1396,1396,96,1,
1397,1397,97,5,
1398,1398,98,0,
1399,1399,99,0,
1400,1400,0,8,
1401,1401,1,6,
1402,1402,2,0,
1403,1403,3,8,
1404,1404,4,1,
1405,1405,5,6,
1406,1406,6,6,
1407,1407,7,8,
1408,1408,8,5,
1409,1409,9,3,
1410,1410,10,3,
1411,1411,11,4,
1412,1412,12,0,
1413,1413,13,1,
1414,1414,14,4,
1415,1415,15,3,
1416,1416,16,8,
1417,1417,17,0,
1418,1418,18,3,
1419,1419,19,1,
1420,1420,20,3,
1421,1421,21,2,
1422,1422,22,5,
1423,1423,23,8,
1424,1424,24,7,
1425,1425,25,4,
1426,1426,26,7,
1427,1427,27,3,
1428,1428,28,2,
1429,1429,29,8,
1430,1430,30,1,
1431,1431,31,8,
1432,1432,32,5,
1433,1433,33,6,
1434,1434,34,0,
1435,1435,35,6,
1436,1436,36,2,
1437,1437,37,4,
1438,1438,38,7,
1439,1439,39,5,
1440,1440,40,2,
1441,1441,41,8,
1442,1442,42,5,
1443,1443,43,5,
1444,1444,44,3,
1445,1445,45,7,
1446,1446,46,0,
1447,1447,47,4,
1448,1448,48,3,
1449,1449,49,3,
1450,1450,50,5,
1451,1451,51,6,
1452,1452,52,4,
1453,1453,53,5,
1454,1454,54,2,
1455,1455,55,1,
1456,1456,56,8,
1457,1457,57,3,
1458,1458,58,3,
1459,1459,59,2,
1460,1460,60,5,
1461,1461,61,0,
1462,1462,62,8,
1463,1463,63,6,
1464,1464,64,8,
1465,1465,65,7,
1466,1466,66,3,
1467,1467,67,3,
1468,1468,68,0,
1469,1469,69,5,
1470,1470,70,2,
1471,1471,71,5,
1472,1472,72,6,
1473,1473,73,7,
1474,1474,74,8,
1475,1475,75,5,
1476,1476,76,0,
1477,1477,77,2,
1478,1478,78,6,
1479,1479,79,3,
1480,1480,80,0,
1481,1481,81,1,
1482,1482,82,7,
1483,1483,83,5,
1484,1484,84,2,
1485,1485,85,6,
1486,1486,86,7,
1487,1487,87,5,
1488,1488,88,3,
1489,1489,89,1,
1490,1490,90,3,
1491,1491,91,2,
1492,1492,92,0,
1493,1493,93,5,
1494,1494,94,7,
1495,1495,95,1,
1496,1496,96,4,
1497,1497,97,6,
1498,1498,98,6,
1499,1499,99,8,
1500,1500,0,7,
1501,1501,1,2,
1502,1502,2,8,
1503,1503,3,0,
1504,1504,4,6,
1505,1505,5,6,
1506,1506,6,8,
1507,1507,7,4,
1508,1508,8,1,
1509,1509,9,6,
1510,1510,10,4,
1511,1511,11,3,
1512,1512,12,8,
1513,1513,13,5,
1514,1514,14,8,
1515,1515,15,5,
1516,1516,16,0,
1517,1517,17,2,
1518,1518,18,1,
1519,1519,19,4,
1520,1520,20,6,
1521,1521,21,8,
1522,1522,22,8,
1523,1523,23,2,
1524,1524,24,0,
1525,1525,25,3,
1526,1526,26,1,
1527,1527,27,0,
1528,1528,28,3,
1529,1529,29,8,
1530,1530,30,2,
1531,1531,31,4,
1532,1532,32,8,
1533,1533,33,5,
1534,1534,34,3,
1535,1535,35,1,
1536,1536,36,8,
1537,1537,37,6,
1538,1538,38,1,
1539,1539,39,8,
1540,1540,40,2,
1541,1541,41,1,
1542,1542,42,6,
1543,1543,43,2,
1544,1544,44,6,
1545,1545,45,1,
1546,1546,46,6,
1547,1547,47,1,
1548,1548,48,4,
1549,1549,49,6,
1550,1550,50,2,
1551,1551,51,3,
1552,1552,52,4,
1553,1553,53,5,
1554,1554,54,1,
1555,1555,55,8,
1556,1556,56,2,
1557,1557,57,3,
1558,1558,58,8,
1559,1559,59,8,
1560,1560,60,2,
1561,1561,61,5,
1562,1562,62,3,
1563,1563,63,1,
1564,1564,64,1,
1565,1565,65,0,
1566,1566,66,5,
1567,1567,67,7,
1568,1568,68,3,
1569,1569,69,8,
1570,1570,70,8,
1571,1571,71,4,
1572,1572,72,4,
1573,1573,73,4,
1574,1574,74,0,
1575,1575,75,4,
1576,1576,76,2,
1577,1577,77,8,
1578,1578,78,5,
1579,1579,79,5,
1580,1580,80,8,
1581,1581,81,5,
1582,1582,82,6,
1583,1583,83,6,
1584,1584,84,2,
1585,1585,85,1,
1586,1586,86,1,
1587,1587,87,4,
1588,1588,88,6,
1589,1589,89,2,
1590,1590,90,1,
1591,1591,91,6,
1592,1592,92,4,
1593,1593,93,6,
1594,1594,94,1,
1595,1595,95,2,
1596,1596,96,2,
1597,1597,97,2,
1598,1598,98,8,
1599,1599,99,3,
1600,1600,0,6,
1601,1601,1,2,
1602,1602,2,0,
1603,1603,3,8,
1604,1604,4,7,
1605,1605,5,3,
1606,1606,6,8,
1607,1607,7,6,
1608,1608,8,2,
1609,1609,9,0,
1610,1610,10,4,
1611,1611,11,6,
1612,1612,12,6,
1613,1613,13,6,
1614,1614,14,2,
1615,1615,15,2,
1616,1616,16,6,
1617,1617,17,8,
1618,1618,18,5,
1619,1619,19,3,
1620,1620,20,2,
1621,1621,21,2,
1622,1622,22,5,
1623,1623,23,7,
1624,1624,24,5,
1625,1625,25,2,
1626,1626,26,3,
1627,1627,27,3,
1628,1628,28,6,
1629,1629,29,4,
1630,1630,30,8,
1631,1631,31,1,
1632,1632,32,6,
1633,1633,33,4,
1634,1634,34,4,
1635,1635,35,2,
1636,1636,36,3,
1637,1637,37,3,
1638,1638,38,6,
1639,1639,39,7,
1640,1640,40,6,
1641,1641,41,5,
1642,1642,42,3,
1643,1643,43,1,
1644,1644,44,1,
1645,1645,45,3,
1646,1646,46,7,
1647,1647,47,0,
1648,1648,48,8,
1649,1649,49,6,
1650,1650,50,2,
1651,1651,51,7,
1652,1652,52,8,
1653,1653,53,0,
1654,1654,54,5,
1655,1655,55,7,
1656,1656,56,8,
1657,1657,57,1,
1658,1658,58,6,
1659,1659,59,4,
1660,1660,60,7,
1661,1661,61,5,
1662,1662,62,1,
1663,1663,63,7,
1664,1664,64,6,
1665,1665,65,4,
1666,1666,66,4,
1667,1667,67,7,
1668,1668,68,7,
1669,1669,69,8,
1670,1670,70,7,
1671,1671,71,4,
1672,1672,72,3,
1673,1673,73,6,
1674,1674,74,7,
1675,1675,75,6,
1676,1676,76,4,
1677,1677,77,8,
1678,1678,78,4,
1679,1679,79,6,
1680,1680,80,8,
1681,1681,81,2,
1682,1682,82,4,
1683,1683,83,3,
1684,1684,84,6,
1685,1685,85,8,
1686,1686,86,7,
1687,1687,87,8,
1688,1688,88,5,
1689,1689,89,1,
1690,1690,90,1,
1691,1691,91,6,
1692,1692,92,5,
1693,1693,93,6,
1694,1694,94,2,
1695,1695,95,5,
1696,1696,96,1,
1697,1697,97,3,
1698,1698,98,8,
1699,1699,99,6,
1700,1700,0,4,
1701,1701,1,5,
1702,1702,2,5,
1703,1703,3,0,
1704,1704,4,3,
1705,1705,5,2,
1706,1706,6,6,
1707,1707,7,7,
1708,1708,8,8,
1709,1709,9,0,
1710,1710,10,2,
1711,1711,11,1,
1712,1712,12,4,
1713,1713,13,8,
1714,1714,14,3,
1715,1715,15,2,
1716,1716,16,8,
1717,1717,17,2,
1718,1718,18,8,
1719,1719,19,4,
1720,1720,20,0,
1721,1721,21,3,
1722,1722,22,1,
1723,1723,23,6,
1724,1724,24,5,
1725,1725,25,7,
1726,1726,26,7,
1727,1727,27,5,
1728,1728,28,5,
1729,1729,29,3,
1730,1730,30,0,
1731,1731,31,7,
1732,1732,32,3,
1733,1733,33,1,
1734,1734,34,1,
1735,1735,35,1,
1736,1736,36,3,
1737,1737,37,2,
1738,1738,38,3,
1739,1739,39,2,
1740,1740,40,3,
1741,1741,41,1,
1742,1742,42,5,
1743,1743,43,4,
1744,1744,44,5,
1745,1745,45,1,
1746,1746,46,4,
1747,1747,47,2,
1748,1748,48,3,
1749,1749,49,5,
1750,1750,50,2,
1751,1751,51,2,
1752,1752,52,5,
1753,1753,53,3,
1754,1754,54,4,
1755,1755,55,6,
1756,1756,56,1,
1757,1757,57,2,
1758,1758,58,7,
1759,1759,59,8,
1760,1760,60,8,
1761,1761,61,1,
1762,1762,62,4,
1763,1763,63,2,
1764,1764,64,5,
1765,1765,65,2,
1766,1766,66,8,
1767,1767,67,3,
1768,1768,68,8,
1769,1769,69,7,
1770,1770,70,0,
1771,1771,71,5,
1772,1772,72,1,
1773,1773,73,4,
1774,1774,74,3,
1775,1775,75,5,
1776,1776,76,0,
1777,1777,77,0,
1778,1778,78,0,
1779,1779,79,1,
1780,1780,80,8,
1781,1781,81,7,
1782,1782,82,1,
1783,1783,83,7,
1784,1784,84,1,
1785,1785,85,1,
1786,1786,86,8,
1787,1787,87,4,
1788,1788,88,0,
1789,1789,89,0,
1790,1790,90,4,
1791,1791,91,1,
1792,1792,92,4,
1793,1793,93,5,
1794,1794,94,0,
1795,1795,95,2,
1796,1796,96,8,
1797,1797,97,5,
1798,1798,98,5,
1799,1799,99,1,
1800,1800,0,8,
1801,1801,1,1,
1802,1802,2,3,
1803,1803,3,3,
1804,1804,4,3,
1805,1805,5,5,
1806,1806,6,7,
1807,1807,7,8,
1808,1808,8,5,
1809,1809,9,3,
1810,1810,10,1,
1811,1811,11,3,
1812,1812,12,2,
1813,1813,13,8,
1814,1814,14,5,
1815,1815,15,4,
1816,1816,16,2,
1817,1817,17,4,
1818,1818,18,0,
1819,1819,19,3,
1820,1820,20,7,
1821,1821,21,3,
1822,1822,22,0,
1823,1823,23,8,
1824,1824,24,5,
1825,1825,25,3,
1826,1826,26,6,
1827,1827,27,8,
1828,1828,28,8,
1829,1829,29,0,
1830,1830,30,3,
1831,1831,31,7,
1832,1832,32,7,
1833,1833,33,2,
1834,1834,34,7,
1835,1835,35,8,
1836,1836,36,7,
1837,1837,37,6,
1838,1838,38,7,
1839,1839,39,2,
1840,1840,40,6,
1841,1841,41,0,
1842,1842,42,4,
1843,1843,43,6,
1844,1844,44,3,
1845,1845,45,8,
1846,1846,46,2,
1847,1847,47,0,
1848,1848,48,0,
1849,1849,49,0,
1850,1850,50,8,
1851,1851,51,4,
1852,1852,52,2,
1853,1853,53,6,
1854,1854,54,2,
1855,1855,55,5,
1856,1856,56,4,
1857,1857,57,5,
1858,1858,58,1,
1859,1859,59,0,
1860,1860,60,6,
1861,1861,61,0,
1862,1862,62,5,
1863,1863,63,4,
1864,1864,64,5,
1865,1865,65,2,
1866,1866,66,5,
1867,1867,67,7,
1868,1868,68,8,
1869,1869,69,1,
1870,1870,70,0,
1871,1871,71,5,
1872,1872,72,3,
1873,1873,73,5,
1874,1874,74,2,
1875,1875,75,6,
1876,1876,76,2,
1877,1877,77,6,
1878,1878,78,5,
1879,1879,79,0,
1880,1880,80,0,
1881,1881,81,7,
1882,1882,82,0,
1883,1883,83,7,
1884,1884,84,2,
1885,1885,85,8,
1886,1886,86,1,
1887,1887,87,8,
1888,1888,88,4,
1889,1889,89,0,
1890,1890,90,8,
1891,1891,91,1,
1892,1892,92,7,
1893,1893,93,8,
1894,1894,94,6,
1895,1895,95,7,
1896,1896,96,3,
1897,1897,97,3,
1898,1898,98,1,
1899,1899,99,7,
1900,1900,0,1,
1901,1901,1,7,
1902,1902,2,5,
1903,1903,3,1,
1904,1904,4,4,
1905,1905,5,3,
1906,1906,6,3,
1907,1907,7,5,
1908,1908,8,1,
1909,1909,9,8,
1910,1910,10,4,
1911,1911,11,1,
1912,1912,12,5,
1913,1913,13,7,
1914,1914,14,8,
1915,1915,15,1,
1916,1916,16,1,
1917,1917,17,8,
1918,1918,18,1,
1919,1919,19,7,
1920,1920,20,4,
1921,1921,21,0,
1922,1922,22,7,
1923,1923,23,2,
1924,1924,24,4,
1925,1925,25,8,
1926,1926,26,0,
1927,1927,27,1,
1928,1928,28,2,
1929,1929,29,1,
1930,1930,30,5,
1931,1931,31,5,
1932,1932,32,2,
1933,1933,33,4,
1934,1934,34,2,
1935,1935,35,2,
1936,1936,36,3,
1937,1937,37,2,
1938,1938,38,6,
1939,1939,39,5,
1940,1940,40,4,
1941,1941,41,4,
1942,1942,42,8,
1943,1943,43,7,
1944,1944,44,2,
1945,1945,45,5,
1946,1946,46,7,
1947,1947,47,8,
1948,1948,48,3,
1949,1949,49,7,
1950,1950,50,0,
1951,1951,51,4,
1952,1952,52,6,
1953,1953,53,7,
1954,1954,54,2,
1955,1955,55,2,
1956,1956,56,5,
1957,1957,57,0,
1958,1958,58,5,
1959,1959,59,0,
1960,1960,60,4,
1961,1961,61,7,
1962,1962,62,0,
1963,1963,63,6,
1964,1964,64,3,
1965,1965,65,2,
1966,1966,66,2,
1967,1967,67,4,
1968,1968,68,0,
1969,1969,69,7,
1970,1970,70,2,
1971,1971,71,7,
1972,1972,72,3,
1973,1973,73,5,
1974,1974,74,3,
1975,1975,75,4,
1976,1976,76,3,
1977,1977,77,5,
1978,1978,78,8,
1979,1979,79,6,
1980,1980,80,0,
1981,1981,81,7,
1982,1982,82,8,
1983,1983,83,0,
1984,1984,84,2,
1985,1985,85,8,
1986,1986,86,3,
1987,1987,87,1,
1988,1988,88,4,
1989,1989,89,7,
1990,1990,90,0,
1991,1991,91,8,
1992,1992,92,0,
1993,1993,93,2,
1994,1994,94,2,
1995,1995,95,0,
1996,1996,96,4,
1997,1997,97,4,
1998,1998,98,2,
1999,1999,99,5,
2000,0,0,3,
2001,1,1,7,
2002,2,2,7,
2003,3,3,6,
2004,4,4,0,
2005,5,5,1,
2006,6,6,5,
2007,7,7,3,
2008,8,8,7,
2009,9,9,2,
2010,10,10,6,
2011,11,11,6,
2012,12,12,1,
2013,13,13,6,
2014,14,14,7,
2015,15,15,0,
2016,16,16,2,
2017,17,17,5,
2018,18,18,0,
2019,19,19,0,
2020,20,20,6,
2021,21,21,8,
2022,22,22,4,
2023,23,23,1,
2024,24,24,4,
2025,25,25,5,
2026,26,26,1,
2027,27,27,5,
2028,28,28,6,
2029,29,29,6,
2030,30,30,6,
2031,31,31,3,
2032,32,32,6,
2033,33,33,1,
2034,34,34,2,
2035,35,35,1,
2036,36,36,0,
2037,37,37,1,
2038,38,38,4,
2039,39,39,7,
2040,40,40,0,
2041,41,41,6,
2042,42,42,1,
2043,43,43,1,
2044,44,44,3,
2045,45,45,6,
2046,46,46,4,
2047,47,47,8,
2048,48,48,5,
2049,49,49,2,
2050,50,50,5,
2051,51,51,8,
2052,52,52,7,
2053,53,53,2,
2054,54,54,3,
2055,55,55,6,
2056,56,56,7,
2057,57,57,7,
2058,58,58,0,
2059,59,59,8,
2060,60,60,6,
2061,61,61,0,
2062,62,62,2,
2063,63,63,2,
2064,64,64,2,
2065,65,65,8,
2066,66,66,3,
2067,67,67,7,
2068,68,68,5,
2069,69,69,6,
2070,70,70,6,
2071,71,71,4,
2072,72,72,5,
2073,73,73,6,
2074,74,74,7,
2075,75,75,3,
2076,76,76,7,
2077,77,77,2,
2078,78,78,3,
2079,79,79,5,
2080,80,80,2,
2081,81,81,1,
2082,82,82,7,
2083,83,83,0,
2084,84,84,5,
2085,85,85,2,
2086,86,86,0,
2087,87,87,2,
2088,88,88,3,
2089,89,89,3,
2090,90,90,0,
2091,91,91,8,
2092,92,92,2,
2093,93,93,4,
2094,94,94,7,
2095,95,95,5,
2096,96,96,1,
2097,97,97,1,
2098,98,98,6,
2099,99,99,5,
2100,100,0,8,
2101,101,1,3,
2102,102,2,3,
2103,103,3,0,
2104,104,4,3,
2105,105,5,7,
2106,106,6,0,
2107,107,7,2,
2108,108,8,0,
2109,109,9,6,
2110,110,10,4,
2111,111,11,2,
2112,112,12,3,
2113,113,13,5,
2114,114,14,0,
2115,115,15,7,
2116,116,16,2,
2117,117,17,0,
2118,118,18,5,
2119,119,19,6,
2120,120,20,0,
2121,121,21,2,
2122,122,22,5,
2123,123,23,1,
2124,124,24,5,
2125,125,25,5,
2126,126,26,7,
2127,127,27,7,
2128,128,28,2,
2129,129,29,7,
2130,130,30,3,
2131,131,31,6,
2132,132,32,3,
2133,133,33,4,
2134,134,34,5,
2135,135,35,7,
2136,136,36,2,
2137,137,37,5,
2138,138,38,7,
2139,139,39,7,
2140,140,40,0,
2141,141,41,0,
2142,142,42,1,
2143,143,43,6,
2144,144,44,1,
2145,145,45,0,
2146,146,46,0,
2147,147,47,7,
2148,148,48,4,
2149,149,49,1,
2150,150,50,8,
2151,151,51,5,
2152,152,52,4,
2153,153,53,3,
2154,154,54,4,
2155,155,55,6,
2156,156,56,6,
2157,157,57,4,
2158,158,58,8,
2159,159,59,4,
2160,160,60,6,
2161,161,61,8,
2162,162,62,7,
2163,163,63,7,
2164,164,64,8,
2165,165,65,0,
2166,166,66,6,
2167,167,67,5,
2168,168,68,3,
2169,169,69,1,
2170,170,70,8,
2171,171,71,4,
2172,172,72,1,
2173,173,73,5,
2174,174,74,1,
2175,175,75,5,
2176,176,76,0,
2177,177,77,0,
2178,178,78,7,
2179,179,79,7,
2180,180,80,6,
2181,181,81,2,
2182,182,82,4,
2183,183,83,5,
2184,184,84,7,
2185,185,85,8,
2186,186,86,4,
2187,187,87,3,
2188,188,88,2,
2189,189,89,7,
2190,190,90,6,
2191,191,91,4,
2192,192,92,5,
2193,193,93,1,
2194,194,94,6,
2195,195,95,1,
2196,196,96,6,
2197,197,97,6,
2198,198,98,2,
2199,199,99,1,
2200,200,0,4,
2201,201,1,3,
2202,202,2,0,
2203,203,3,7,
2204,204,4,5,
2205,205,5,2,
2206,206,6,1,
2207,207,7,2,
2208,208,8,0,
2209,209,9,5,
2210,210,10,7,
2211,211,11,0,
2212,212,12,4,
2213,213,13,8,
2214,214,14,7,
2215,215,15,6,
2216,216,16,7,
2217,217,17,2,
2218,218,18,0,
2219,219,19,8,
2220,220,20,3,
2221,221,21,7,
2222,222,22,6,
2223,223,23,3,
2224,224,24,8,
2225,225,25,7,
2226,226,26,8,
2227,227,27,7,
2228,228,28,5,
2229,229,29,3,
2230,230,30,1,
2231,231,31,7,
2232,232,32,6,
2233,233,33,2,
2234,234,34,8,
2235,235,35,7,
2236,236,36,0,
2237,237,37,5,
2238,238,38,1,
2239,239,39,3,
2240,240,40,4,
2241,241,41,6,
2242,242,42,8,
2243,243,43,3,
2244,244,44,2,
2245,245,45,1,
2246,246,46,7,
2247,247,47,8,
2248,248,48,5,
2249,249,49,1,
2250,250,50,2,
2251,251,51,3,
2252,252,52,4,
2253,253,53,8,
2254,254,54,5,
2255,255,55,4,
2256,256,56,8,
2257,257,57,1,
2258,258,58,5,
2259,259,59,2,
2260,260,60,8,
2261,261,61,7,
2262,262,62,5,
2263,263,63,0,
2264,264,64,6,
2265,265,65,6,
2266,266,66,1,
2267,267,67,0,
2268,268,68,7,
2269,269,69,3,
2270,270,70,2,
2271,271,71,7,
2272,272,72,6,
2273,273,73,1,
2274,274,74,0,
2275,275,75,5,
2276,276,76,6,
2277,277,77,3,
2278,278,78,0,
2279,279,79,2,
2280,280,80,7,
2281,281,81,7,
2282,282,82,7,
2283,283,83,0,
2284,284,84,4,
2285,285,85,6,
2286,286,86,0,
2287,287,87,8,
2288,288,88,2,
2289,289,89,7,
2290,290,90,3,
2291,291,91,8,
2292,292,92,8,
2293,293,93,8,
2294,294,94,3,
2295,295,95,7,
2296,296,96,1,
2297,297,97,3,
2298,298,98,7,
2299,299,99,0,
2300,300,0,5,
2301,301,1,5,
2302,302,2,0,
2303,303,3,4,
2304,304,4,3,
2305,305,5,6,
2306,306,6,7,
2307,307,7,4,
2308,308,8,3,
2309,309,9,3,
2310,310,10,1,
2311,311,11,1,
2312,312,12,7,
2313,313,13,8,
2314,314,14,7,
2315,315,15,0,
2316,316,16,4,
2317,317,17,1,
2318,318,18,4,
2319,319,19,4,
2320,320,20,3,
2321,321,21,2,
2322,322,22,0,
2323,323,23,4,
2324,324,24,1,
2325,325,25,8,
2326,326,26,4,
2327,327,27,7,
2328,328,28,8,
2329,329,29,7,
2330,330,30,0,
2331,331,31,7,
2332,332,32,5,
2333,333,33,8,
2334,334,34,1,
2335,335,35,3,
2336,336,36,4,
2337,337,37,6,
2338,338,38,7,
2339,339,39,4,
2340,340,40,3,
2341,341,41,3,
2342,342,42,8,
2343,343,43,5,
2344,344,44,6,
2345,345,45,5,
2346,346,46,0,
2347,347,47,6,
2348,348,48,2,
2349,349,49,5,
2350,350,50,5,
2351,351,51,0,
2352,352,52,6,
2353,353,53,6,
2354,354,54,3,
2355,355,55,1,
2356,356,56,7,
2357,357,57,7,
2358,358,58,0,
2359,359,59,6,
2360,360,60,0,
2361,361,61,0,
2362,362,62,7,
2363,363,63,2,
2364,364,64,8,
2365,365,65,8,
2366,366,66,1,
2367,367,67,7,
2368,368,68,1,
2369,369,69,4,
2370,370,70,4,
2371,371,71,2,
2372,372,72,8,
2373,373,73,1,
2374,374,74,7,
2375,375,75,6,
2376,376,76,5,
2377,377,77,2,
2378,378,78,0,
2379,379,79,8,
2380,380,80,8,
2381,381,81,3,
2382,382,82,5,
2383,383,83,6,
2384,384,84,8,
2385,385,85,4,
2386,386,86,5,
2387,387,87,1,
2388,388,88,3,
2389,389,89,1,
2390,390,90,3,
2391,391,91,1,
2392,392,92,4,
2393,393,93,7,
2394,394,94,5,
2395,395,95,6,
2396,396,96,0,
2397,397,97,0,
2398,398,98,8,
2399,399,99,8,
2400,400,0,5,
2401,401,1,5,
2402,402,2,8,
2403,403,3,3,
2404,404,4,3,
2405,405,5,6,
2406,406,6,7,
2407,407,7,7,
2408,408,8,8,
2409,409,9,8,
2410,410,10,1,
2411,411,11,6,
2412,412,12,8,
2413,413,13,7,
2414,414,14,0,
2415,415,15,2,
2416,416,16,0,
2417,417,17,7,
2418,418,18,5,
2419,419,19,6,
2420,420,20,7,
2421,421,21,2,
2422,422,22,3,
2423,423,23,1,
2424,424,24,4,
2425,425,25,5,
2426,426,26,4,
2427,427,27,8,
2428,428,28,7,
2429,429,29,5,
2430,430,30,4,
2431,431,31,0,
2432,432,32,3,
2433,433,33,7,
2434,434,34,3,
2435,435,35,2,
2436,436,36,2,
2437,437,37,3,
2438,438,38,5,
2439,439,39,5,
2440,440,40,1,
2441,441,41,7,
2442,442,42,8,
2443,443,43,3,
2444,444,44,6,
2445,445,45,7,
2446,446,46,6,
2447,447,47,5,
2448,448,48,3,
2449,449,49,2,
2450,450,50,8,
2451,451,51,3,
2452,452,52,0,
2453,453,53,0,
2454,454,54,6,
2455,455,55,3,
2456,456,56,8,
2457,457,57,1,
2458,458,58,6,
2459,459,59,1,
2460,460,60,4,
2461,461,61,2,
2462,462,62,8,
2463,463,63,3,
2464,464,64,2,
2465,465,65,2,
2466,466,66,0,
2467,467,67,2,
2468,468,68,7,
2469,469,69,8,
2470,470,70,5,
2471,471,71,2,
2472,472,72,4,
2473,473,73,6,
2474,474,74,6,
2475,475,75,4,
2476,476,76,2,
2477,477,77,0,
2478,478,78,2,
2479,479,79,0,
2480,480,80,4,
2481,481,81,4,
2482,482,82,5,
2483,483,83,6,
2484,484,84,5,
2485,485,85,5,
2486,486,86,6,
2487,487,87,4,
2488,488,88,7,
2489,489,89,2,
2490,490,90,8,
2491,491,91,6,
2492,492,92,6,
2493,493,93,0,
2494,494,94,4,
2495,495,95,1,
2496,496,96,8,
2497,497,97,4,
2498,498,98,1,
2499,499,99,8,
2500,500,0,0,
2501,501,1,3,
2502,502,2,3,
2503,503,3,3,
2504,504,4,6,
2505,505,5,2,
2506,506,6,8,
2507,507,7,4,
2508,508,8,3,
2509,509,9,3,
2510,510,10,7,
2511,511,11,1,
2512,512,12,6,
2513,513,13,1,
2514,514,14,1,
2515,515,15,8,
2516,516,16,5,
2517,517,17,4,
2518,518,18,0,
2519,519,19,8,
2520,520,20,0,
2521,521,21,2,
2522,522,22,8,
2523,523,23,7,
2524,524,24,7,
2525,525,25,2,
2526,526,26,1,
2527,527,27,2,
2528,528,28,6,
2529,529,29,7,
2530,530,30,6,
2531,531,31,8,
2532,532,32,5,
2533,533,33,4,
2534,534,34,2,
2535,535,35,4,
2536,536,36,0,
2537,537,37,4,
2538,538,38,0,
2539,539,39,5,
2540,540,40,2,
2541,541,41,2,
2542,542,42,2,
2543,543,43,1,
2544,544,44,1,
2545,545,45,6,
2546,546,46,1,
2547,547,47,6,
2548,548,48,1,
2549,549,49,1,
2550,550,50,0,
2551,551,51,5,
2552,552,52,8,
2553,553,53,4,
2554,554,54,3,
2555,555,55,2,
2556,556,56,3,
2557,557,57,5,
2558,558,58,2,
2559,559,59,6,
2560,560,60,2,
2561,561,61,0,
2562,562,62,0,
2563,563,63,0,
2564,564,64,3,
2565,565,65,8,
2566,566,66,7,
2567,567,67,4,
2568,568,68,7,
2569,569,69,4,
2570,570,70,1,
2571,571,71,4,
2572,572,72,4,
2573,573,73,3,
2574,574,74,2,
2575,575,75,8,
2576,576,76,2,
2577,577,77,2,
2578,578,78,3,
2579,579,79,1,
2580,580,80,2,
2581,581,81,1,
2582,582,82,0,
2583,583,83,2,
2584,584,84,7,
2585,585,85,5,
2586,586,86,8,
2587,587,87,4,
2588,588,88,2,
2589,589,89,6,
2590,590,90,0,
2591,591,91,6,
2592,592,92,7,
2593,593,93,2,
2594,594,94,4,
2595,595,95,8,
2596,596,96,3,
2597,597,97,3,
2598,598,98,4,
2599,599,99,3,
2600,600,0,3,
2601,601,1,8,
2602,602,2,4,
2603,603,3,6,
2604,604,4,0,
2605,605,5,6,
2606,606,6,6,
2607,607,7,0,
2608,608,8,3,
2609,609,9,2,
2610,610,10,5,
2611,611,11,3,
2612,612,12,2,
2613,613,13,0,
2614,614,14,2,
2615,615,15,4,
2616,616,16,6,
2617,617,17,7,
2618,618,18,5,
2619,619,19,5,
2620,620,20,6,
2621,621,21,5,
2622,622,22,8,
2623,623,23,6,
2624,624,24,7,
2625,625,25,6,
2626,626,26,7,
2627,627,27,6,
2628,628,28,4,
2629,629,29,5,
2630,630,30,8,
2631,631,31,7,
2632,632,32,5,
2633,633,33,4,
2634,634,34,2,
2635,635,35,5,
2636,636,36,6,
2637,637,37,5,
2638,638,38,3,
2639,639,39,3,
2640,640,40,4,
2641,641,41,1,
2642,642,42,5,
2643,643,43,1,
2644,644,44,5,
2645,645,45,7,
2646,646,46,5,
2647,647,47,7,
2648,648,48,4,
2649,649,49,3,
2650,650,50,1,
2651,651,51,3,
2652,652,52,2,
2653,653,53,5,
2654,654,54,3,
2655,655,55,5,
2656,656,56,3,
2657,657,57,5,
2658,658,58,8,
2659,659,59,7,
2660,660,60,7,
2661,661,61,6,
2662,662,62,7,
2663,663,63,1,
2664,664,64,4,
2665,665,65,1,
2666,666,66,7,
2667,667,67,7,
2668,668,68,7,
2669,669,69,7,
2670,670,70,4,
2671,671,71,8,
2672,672,72,0,
2673,673,73,7,
2674,674,74,2,
2675,675,75,0,
2676,676,76,8,
2677,677,77,4,
2678,678,78,6,
2679,679,79,6,
2680,680,80,4,
2681,681,81,2,
2682,682,82,2,
2683,683,83,6,
2684,684,84,1,
2685,685,85,2,
2686,686,86,5,
2687,687,87,6,
2688,688,88,0,
2689,689,89,0,
2690,690,90,0,
2691,691,91,7,
2692,692,92,2,
2693,693,93,6,
2694,694,94,2,
2695,695,95,6,
2696,696,96,2,
2697,697,97,3,
2698,698,98,6,
2699,699,99,1,
2700,700,0,7,
2701,701,1,3,
2702,702,2,4,
2703,703,3,5,
2704,704,4,5,
2705,705,5,5,
2706,706,6,7,
2707,707,7,8,
2708,708,8,5,
2709,709,9,7,
2710,710,10,7,
2711,711,11,1,
2712,712,12,0,
2713,713,13,0,
2714,714,14,8,
2715,715,15,1,
2716,716,16,5,
2717,717,17,0,
2718,718,18,0,
2719,719,19,7,
2720,720,20,8,
2721,721,21,1,
2722,722,22,3,
2723,723,23,0,
2724,724,24,7,
2725,725,25,2,
2726,726,26,1,
2727,727,27,0,
2728,728,28,3,
2729,729,29,6,
2730,730,30,5,
2731,731,31,5,
2732,732,32,0,
2733,733,33,6,
2734,734,34,1,
2735,735,35,3,
2736,736,36,2,
2737,737,37,8,
2738,738,38,5,
2739,739,39,5,
2740,740,40,3,
2741,741,41,0,
2742,742,42,5,
2743,743,43,8,
2744,744,44,7,
2745,745,45,7,
2746,746,46,5,
2747,747,47,4,
2748,748,48,1,
2749,749,49,3,
2750,750,50,0,
2751,751,51,5,
2752,752,52,5,
2753,753,53,5,
2754,754,54,2,
2755,755,55,0,
2756,756,56,7,
2757,757,57,2,
2758,758,58,1,
2759,759,59,4,
2760,760,60,8,
2761,761,61,4,
2762,762,62,4,
2763,763,63,7,
2764,764,64,8,
2765,765,65,6,
2766,766,66,5,
2767,767,67,0,
2768,768,68,4,
2769,769,69,0,
2770,770,70,1,
2771,771,71,0,
2772,772,72,3,
2773,773,73,6,
2774,774,74,2,
2775,775,75,6,
2776,776,76,8,
2777,777,77,6,
2778,778,78,4,
2779,779,79,7,
2780,780,80,1,
2781,781,81,2,
2782,782,82,0,
2783,783,83,7,
2784,784,84,4,
2785,785,85,7,
2786,786,86,0,
2787,787,87,6,
2788,788,88,1,
2789,789,89,5,
2790,790,90,6,
2791,791,91,5,
2792,792,92,5,
2793,793,93,8,
2794,794,94,4,
2795,795,95,8,
2796,796,96,6,
2797,797,97,5,
2798,798,98,7,
2799,799,99,1,
2800,800,0,8,
2801,801,1,1,
2802,802,2,3,
2803,803,3,7,
2804,804,4,4,
2805,805,5,2,
2806,806,6,2,
2807,807,7,0,
2808,808,8,7,
2809,809,9,5,
2810,810,10,2,
2811,811,11,4,
2812,812,12,0,
2813,813,13,2,
2814,814,14,6,
2815,815,15,3,
2816,816,16,0,
2817,817,17,2,
2818,818,18,5,
2819,819,19,3,
2820,820,20,5,
2821,821,21,5,
2822,822,22,8,
2823,823,23,2,
2824,824,24,1,
2825,825,25,7,
2826,826,26,2,
2827,827,27,6,
2828,828,28,5,
2829,829,29,1,
2830,830,30,4,
2831,831,31,7,
2832,832,32,8,
2833,833,33,5,
2834,834,34,2,
2835,835,35,5,
2836,836,36,6,
2837,837,37,4,
2838,838,38,7,
2839,839,39,2,
2840,840,40,2,
2841,841,41,4,
2842,842,42,2,
2843,843,43,1,
2844,844,44,8,
2845,845,45,0,
2846,846,46,6,
2847,847,47,0,
2848,848,48,4,
2849,849,49,1,
2850,850,50,5,
2851,851,51,3,
2852,852,52,8,
2853,853,53,6,
2854,854,54,0,
2855,855,55,3,
2856,856,56,5,
2857,857,57,4,
2858,858,58,1,
2859,859,59,7,
2860,860,60,3,
2861,861,61,1,
2862,862,62,5,
2863,863,63,8,
2864,864,64,7,
2865,865,65,1,
2866,866,66,0,
2867,867,67,6,
2868,868,68,7,
2869,869,69,4,
2870,870,70,8,
2871,871,71,2,
2872,872,72,6,
2873,873,73,5,
2874,874,74,1,
2875,875,75,5,
2876,876,76,1,
2877,877,77,1,
2878,878,78,2,
2879,879,79,8,
2880,880,80,1,
2881,881,81,5,
2882,882,82,2,
2883,883,83,5,
2884,884,84,1,
2885,885,85,2,
2886,886,86,7,
2887,887,87,6,
2888,888,88,6,
2889,889,89,6,
2890,890,90,1,
2891,891,91,8,
2892,892,92,1,
2893,893,93,3,
2894,894,94,5,
2895,895,95,6,
2896,896,96,6,
2897,897,97,1,
2898,898,98,2,
2899,899,99,5,
2900,900,0,3,
2901,901,1,0,
2902,902,2,5,
2903,903,3,0,
2904,904,4,5,
2905,905,5,2,
2906,906,6,6,
2907,907,7,4,
2908,908,8,6,
2909,909,9,7,
2910,910,10,4,
2911,911,11,6,
2912,912,12,2,
2913,913,13,0,
2914,914,14,8,
2915,915,15,3,
2916,916,16,3,
2917,917,17,1,
2918,918,18,3,
2919,919,19,3,
2920,920,20,2,
2921,921,21,7,
2922,922,22,4,
2923,923,23,0,
2924,924,24,4,
2925,925,25,7,
2926,926,26,5,
2927,927,27,4,
2928,928,28,7,
2929,929,29,6,
2930,930,30,4,
2931,931,31,3,
2932,932,32,3,
2933,933,33,6,
2934,934,34,5,
2935,935,35,7,
2936,936,36,2,
2937,937,37,6,
2938,938,38,3,
2939,939,39,0,
2940,940,40,7,
2941,941,41,3,
2942,942,42,0,
2943,943,43,0,
2944,944,44,7,
2945,945,45,4,
2946,946,46,8,
2947,947,47,6,
2948,948,48,0,
2949,949,49,1,
2950,950,50,2,
2951,951,51,6,
2952,952,52,6,
2953,953,53,4,
2954,954,54,1,
2955,955,55,3,
2956,956,56,5,
2957,957,57,7,
2958,958,58,3,
2959,959,59,5,
2960,960,60,3,
2961,961,61,8,
2962,962,62,8,
2963,963,63,5,
2964,964,64,7,
2965,965,65,6,
2966,966,66,2,
2967,967,67,0,
2968,968,68,5,
2969,969,69,7,
2970,970,70,8,
2971,971,71,6,
2972,972,72,4,
2973,973,73,8,
2974,974,74,1,
2975,975,75,3,
2976,976,76,7,
2977,977,77,1,
2978,978,78,0,
2979,979,79,7,
2980,980,80,8,
2981,981,81,6,
2982,982,82,3,
2983,983,83,2,
2984,984,84,5,
2985,985,85,8,
2986,986,86,2,
2987,987,87,6,
2988,988,88,1,
2989,989,89,6,
2990,990,90,7,
2991,991,91,3,
2992,992,92,2,
2993,993,93,1,
2994,994,94,4,
2995,995,95,8,
2996,996,96,7,
2997,997,97,6,
2998,998,98,6,
2999,999,99,8,
3000,1000,0,7,
3001,1001,1,6,
3002,1002,2,0,
3003,1003,3,7,
3004,1004,4,7,
3005,1005,5,5,
3006,1006,6,8,
3007,1007,7,6,
3008,1008,8,2,
3009,1009,9,1,
3010,1010,10,1,
3011,1011,11,7,
3012,1012,12,8,
3013,1013,13,8,
3014,1014,14,3,
3015,1015,15,8,
3016,1016,16,5,
3017,1017,17,8,
3018,1018,18,6,
3019,1019,19,0,
3020,1020,20,7,
3021,1021,21,8,
3022,1022,22,3,
3023,1023,23,7,
3024,1024,24,1,
3025,1025,25,4,
3026,1026,26,2,
3027,1027,27,8,
3028,1028,28,6,
3029,1029,29,0,
3030,1030,30,4,
3031,1031,31,6,
3032,1032,32,3,
3033,1033,33,6,
3034,1034,34,0,
3035,1035,35,4,
3036,1036,36,6,
3037,1037,37,0,
3038,1038,38,4,
3039,1039,39,7,
3040,1040,40,0,
3041,1041,41,2,
3042,1042,42,3,
3043,1043,43,2,
3044,1044,44,7,
3045,1045,45,7,
3046,1046,46,1,
3047,1047,47,5,
3048,1048,48,6,
3049,1049,49,5,
3050,1050,50,1,
3051,1051,51,2,
3052,1052,52,5,
3053,1053,53,4,
3054,1054,54,2,
3055,1055,55,5,
3056,1056,56,2,
3057,1057,57,5,
3058,1058,58,5,
3059,1059,59,4,
3060,1060,60,2,
3061,1061,61,0,
3062,1062,62,3,
3063,1063,63,8,
3064,1064,64,4,
3065,1065,65,4,
3066,1066,66,1,
3067,1067,67,2,
3068,1068,68,5,
3069,1069,69,1,
3070,1070,70,6,
3071,1071,71,6,
3072,1072,72,6,
3073,1073,73,3,
3074,1074,74,7,
3075,1075,75,2,
3076,1076,76,7,
3077,1077,77,5,
3078,1078,78,7,
3079,1079,79,7,
3080,1080,80,0,
3081,1081,81,6,
3082,1082,82,0,
3083,1083,83,6,
3084,1084,84,3,
3085,1085,85,1,
3086,1086,86,8,
3087,1087,87,1,
3088,1088,88,5,
3089,1089,89,5,
3090,1090,90,3,
3091,1091,91,7,
3092,1092,92,6,
3093,1093,93,7,
3094,1094,94,6,
3095,1095,95,7,
3096,1096,96,5,
3097,1097,97,5,
3098,1098,98,7,
3099,1099,99,4,
3100,1100,0,0,
3101,1101,1,8,
3102,1102,2,2,
3103,1103,3,4,
3104,1104,4,5,
3105,1105,5,0,
3106,1106,6,7,
3107,1107,7,3,
3108,1108,8,8,
3109,1109,9,3,
3110,1110,10,8,
3111,1111,11,7,
3112,1112,12,5,
3113,1113,13,5,
3114,1114,14,7,
3115,1115,15,2,
3116,1116,16,5,
3117,1117,17,1,
3118,1118,18,1,
3119,1119,19,2,
3120,1120,20,7,
3121,1121,21,3,
3122,1122,22,6,
3123,1123,23,6,
3124,1124,24,3,
3125,1125,25,1,
3126,1126,26,2,
3127,1127,27,8,
3128,1128,28,5,
3129,1129,29,4,
3130,1130,30,2,
3131,1131,31,8,
3132,1132,32,4,
3133,1133,33,1,
3134,1134,34,2,
3135,1135,35,0,
3136,1136,36,6,
3137,1137,37,2,
3138,1138,38,7,
3139,1139,39,8,
3140,1140,40,7,
3141,1141,41,3,
3142,1142,42,0,
3143,1143,43,3,
3144,1144,44,5,
3145,1145,45,0,
3146,1146,46,6,
3147,1147,47,8,
3148,1148,48,5,
3149,1149,49,5,
3150,1150,50,7,
3151,1151,51,2,
3152,1152,52,6,
3153,1153,53,2,
3154,1154,54,7,
3155,1155,55,5,
3156,1156,56,0,
3157,1157,57,0,
3158,1158,58,2,
3159,1159,59,8,
3160,1160,60,4,
3161,1161,61,6,
3162,1162,62,7,
3163,1163,63,3,
3164,1164,64,8,
3165,1165,65,7,
3166,1166,66,1,
3167,1167,67,5,
3168,1168,68,3,
3169,1169,69,2,
3170,1170,70,3,
3171,1171,71,3,
3172,1172,72,8,
3173,1173,73,2,
3174,1174,74,4,
3175,1175,75,3,
3176,1176,76,7,
3177,1177,77,7,
3178,1178,78,1,
3179,1179,79,5,
3180,1180,80,6,
3181,1181,81,5,
3182,1182,82,7,
3183,1183,83,8,
3184,1184,84,1,
3185,1185,85,4,
3186,1186,86,0,
3187,1187,87,0,
3188,1188,88,2,
3189,1189,89,8,
3190,1190,90,3,
3191,1191,91,8,
3192,1192,92,3,
3193,1193,93,8,
3194,1194,94,0,
3195,1195,95,1,
3196,1196,96,1,
3197,1197,97,2,
3198,1198,98,5,
3199,1199,99,4,
3200,1200,0,1,
3201,1201,1,1,
3202,1202,2,1,
3203,1203,3,6,
3204,1204,4,5,
3205,1205,5,0,
3206,1206,6,7,
3207,1207,7,1,
3208,1208,8,5,
3209,1209,9,0,
3210,1210,10,0,
3211,1211,11,7,
3212,1212,12,3,
3213,1213,13,2,
3214,1214,14,8,
3215,1215,15,7,
3216,1216,16,8,
3217,1217,17,1,
3218,1218,18,8,
3219,1219,19,4,
3220,1220,20,3,
3221,1221,21,6,
3222,1222,22,1,
3223,1223,23,3,
3224,1224,24,4,
3225,1225,25,4,
3226,1226,26,3,
3227,1227,27,4,
3228,1228,28,6,
3229,1229,29,5,
3230,1230,30,3,
3231,1231,31,8,
3232,1232,32,7,
3233,1233,33,3,
3234,1234,34,8,
3235,1235,35,3,
3236,1236,36,5,
3237,1237,37,0,
3238,1238,38,5,
3239,1239,39,0,
3240,1240,40,2,
3241,1241,41,2,
3242,1242,42,4,
3243,1243,43,3,
3244,1244,44,6,
3245,1245,45,3,
3246,1246,46,2,
3247,1247,47,6,
3248,1248,48,8,
3249,1249,49,5,
3250,1250,50,3,
3251,1251,51,5,
3252,1252,52,6,
3253,1253,53,7,
3254,1254,54,6,
3255,1255,55,3,
3256,1256,56,4,
3257,1257,57,3,
3258,1258,58,7,
3259,1259,59,8,
3260,1260,60,3,
3261,1261,61,5,
3262,1262,62,8,
3263,1263,63,5,
3264,1264,64,4,
3265,1265,65,4,
3266,1266,66,5,
3267,1267,67,1,
3268,1268,68,0,
3269,1269,69,1,
3270,1270,70,7,
3271,1271,71,3,
3272,1272,72,2,
3273,1273,73,4,
3274,1274,74,4,
3275,1275,75,5,
3276,1276,76,7,
3277,1277,77,8,
3278,1278,78,5,
3279,1279,79,2,
3280,1280,80,2,
3281,1281,81,5,
3282,1282,82,4,
3283,1283,83,1,
3284,1284,84,8,
3285,1285,85,2,
3286,1286,86,7,
3287,1287,87,5,
3288,1288,88,7,
3289,1289,89,7,
3290,1290,90,3,
3291,1291,91,6,
3292,1292,92,0,
3293,1293,93,0,
3294,1294,94,0,
3295,1295,95,6,
3296,1296,96,1,
3297,1297,97,5,
3298,1298,98,6,
3299,1299,99,5,
3300,1300,0,6,
3301,1301,1,5,
3302,1302,2,7,
3303,1303,3,1,
3304,1304,4,1,
3305,1305,5,8,
3306,1306,6,0,
3307,1307,7,1,
3308,1308,8,2,
3309,1309,9,0,
3310,1310,10,6,
3311,1311,11,8,
3312,1312,12,2,
3313,1313,13,4,
3314,1314,14,1,
3315,1315,15,6,
3316,1316,16,6,
3317,1317,17,2,
3318,1318,18,8,
3319,1319,19,6,
3320,1320,20,6,
3321,1321,21,5,
3322,1322,22,1,
3323,1323,23,3,
3324,1324,24,3,
3325,1325,25,2,
3326,1326,26,1,
3327,1327,27,3,
3328,1328,28,4,
3329,1329,29,4,
3330,1330,30,7,
3331,1331,31,2,
3332,1332,32,6,
3333,1333,33,4,
3334,1334,34,5,
3335,1335,35,5,
3336,1336,36,0,
3337,1337,37,2,
3338,1338,38,2,
3339,1339,39,3,
3340,1340,40,3,
3341,1341,41,7,
3342,1342,42,6,
3343,1343,43,1,
3344,1344,44,1,
3345,1345,45,1,
3346,1346,46,5,
3347,1347,47,5,
3348,1348,48,1,
3349,1349,49,0,
3350,1350,50,4,
3351,1351,51,6,
3352,1352,52,1,
3353,1353,53,7,
3354,1354,54,0,
3355,1355,55,7,
3356,1356,56,2,
3357,1357,57,6,
3358,1358,58,7,
3359,1359,59,8,
3360,1360,60,4,
3361,1361,61,4,
3362,1362,62,7,
3363,1363,63,2,
3364,1364,64,5,
3365,1365,65,7,
3366,1366,66,3,
3367,1367,67,2,
3368,1368,68,3,
3369,1369,69,8,
3370,1370,70,5,
3371,1371,71,1,
3372,1372,72,7,
3373,1373,73,1,
3374,1374,74,3,
3375,1375,75,7,
3376,1376,76,3,
3377,1377,77,7,
3378,1378,78,7,
3379,1379,79,5,
3380,1380,80,0,
3381,1381,81,7,
3382,1382,82,2,
3383,1383,83,4,
3384,1384,84,4,
3385,1385,85,6,
3386,1386,86,1,
3387,1387,87,3,
3388,1388,88,7,
3389,1389,89,7,
3390,1390,90,3,
3391,1391,91,6,
3392,1392,92,5,
3393,1393,93,8,
3394,1394,94,6,
3395,1395,95,0,
3396,1396,96,3,
3397,1397,97,2,
3398,1398,98,0,
3399,1399,99,0,
3400,1400,0,2,
3401,1401,1,2,
3402,1402,2,7,
3403,1403,3,6,
3404,1404,4,6,
3405,1405,5,2,
3406,1406,6,4,
3407,1407,7,7,
3408,1408,8,2,
3409,1409,9,5,
3410,1410,10,7,
3411,1411,11,6,
3412,1412,12,6,
3413,1413,13,5,
3414,1414,14,5,
3415,1415,15,0,
3416,1416,16,6,
3417,1417,17,6,
3418,1418,18,8,
3419,1419,19,4,
3420,1420,20,7,
3421,1421,21,2,
3422,1422,22,4,
3423,1423,23,0,
3424,1424,24,0,
3425,1425,25,1,
3426,1426,26,7,
3427,1427,27,1,
3428,1428,28,5,
3429,1429,29,3,
3430,1430,30,3,
3431,1431,31,6,
3432,1432,32,5,
3433,1433,33,4,
3434,1434,34,4,
3435,1435,35,1,
3436,1436,36,0,
3437,1437,37,2,
3438,1438,38,1,
3439,1439,39,5,
3440,1440,40,4,
3441,1441,41,7,
3442,1442,42,1,
3443,1443,43,7,
3444,1444,44,4,
3445,1445,45,5,
3446,1446,46,8,
3447,1447,47,6,
3448,1448,48,2,
3449,1449,49,3,
3450,1450,50,1,
3451,1451,51,2,
3452,1452,52,8,
3453,1453,53,5,
3454,1454,54,0,
3455,1455,55,0,
3456,1456,56,3,
3457,1457,57,4,
3458,1458,58,8,
3459,1459,59,5,
3460,1460,60,7,
3461,1461,61,0,
3462,1462,62,7,
3463,1463,63,4,
3464,1464,64,8,
3465,1465,65,5,
3466,1466,66,7,
3467,1467,67,1,
3468,1468,68,1,
3469,1469,69,1,
3470,1470,70,1,
3471,1471,71,8,
3472,1472,72,4,
3473,1473,73,7,
3474,1474,74,2,
3475,1475,75,3,
3476,1476,76,1,
3477,1477,77,0,
3478,1478,78,5,
3479,1479,79,5,
3480,1480,80,2,
3481,1481,81,0,
3482,1482,82,8,
3483,1483,83,5,
3484,1484,84,6,
3485,1485,85,1,
3486,1486,86,7,
3487,1487,87,1,
3488,1488,88,8,
3489,1489,89,3,
3490,1490,90,6,
3491,1491,91,1,
3492,1492,92,3,
3493,1493,93,7,
3494,1494,94,2,
3495,1495,95,4,
3496,1496,96,4,
3497,1497,97,4,
3498,1498,98,7,
3499,1499,99,2,
3500,1500,0,6,
3501,1501,1,3,
3502,1502,2,6,
3503,1503,3,8,
3504,1504,4,3,
3505,1505,5,3,
3506,1506,6,6,
3507,1507,7,6,
3508,1508,8,8,
3509,1509,9,8,
3510,1510,10,0,
3511,1511,11,0,
3512,1512,12,3,
3513,1513,13,6,
3514,1514,14,4,
3515,1515,15,5,
3516,1516,16,7,
3517,1517,17,6,
3518,1518,18,5,
3519,1519,19,8,
3520,1520,20,1,
3521,1521,21,6,
3522,1522,22,2,
3523,1523,23,1,
3524,1524,24,3,
3525,1525,25,4,
3526,1526,26,6,
3527,1527,27,7,
3528,1528,28,5,
3529,1529,29,6,
3530,1530,30,5,
3531,1531,31,4,
3532,1532,32,6,
3533,1533,33,0,
3534,1534,34,7,
3535,1535,35,2,
3536,1536,36,8,
3537,1537,37,2,
3538,1538,38,4,
3539,1539,39,4,
3540,1540,40,4,
3541,1541,41,1,
3542,1542,42,6,
3543,1543,43,3,
3544,1544,44,8,
3545,1545,45,7,
3546,1546,46,6,
3547,1547,47,7,
3548,1548,48,6,
3549,1549,49,6,
3550,1550,50,5,
3551,1551,51,4,
3552,1552,52,2,
3553,1553,53,0,
3554,1554,54,5,
3555,1555,55,0,
3556,1556,56,3,
3557,1557,57,4,
3558,1558,58,0,
3559,1559,59,8,
3560,1560,60,2,
3561,1561,61,2,
3562,1562,62,4,
3563,1563,63,7,
3564,1564,64,2,
3565,1565,65,1,
3566,1566,66,2,
3567,1567,67,0,
3568,1568,68,7,
3569,1569,69,4,
3570,1570,70,7,
3571,1571,71,3,
3572,1572,72,2,
3573,1573,73,0,
3574,1574,74,8,
3575,1575,75,4,
3576,1576,76,4,
3577,1577,77,3,
3578,1578,78,3,
3579,1579,79,6,
3580,1580,80,2,
3581,1581,81,0,
3582,1582,82,3,
3583,1583,83,4,
3584,1584,84,1,
3585,1585,85,8,
3586,1586,86,4,
3587,1587,87,5,
3588,1588,88,7,
3589,1589,89,1,
3590,1590,90,7,
3591,1591,91,6,
3592,1592,92,0,
3593,1593,93,0,
3594,1594,94,0,
3595,1595,95,7,
3596,1596,96,8,
3597,1597,97,7,
3598,1598,98,3,
3599,1599,99,5,
3600,1600,0,1,
3601,1601,1,1,
3602,1602,2,0,
3603,1603,3,4,
3604,1604,4,4,
3605,1605,5,5,
3606,1606,6,2,
3607,1607,7,3,
3608,1608,8,6,
3609,1609,9,2,
3610,1610,10,1,
3611,1611,11,3,
3612,1612,12,0,
3613,1613,13,7,
3614,1614,14,8,
3615,1615,15,5,
3616,1616,16,3,
3617,1617,17,8,
3618,1618,18,4,
3619,1619,19,0,
3620,1620,20,1,
3621,1621,21,6,
3622,1622,22,0,
3623,1623,23,7,
3624,1624,24,3,
3625,1625,25,3,
3626,1626,26,0,
3627,1627,27,5,
3628,1628,28,3,
3629,1629,29,7,
3630,1630,30,2,
3631,1631,31,8,
3632,1632,32,6,
3633,1633,33,0,
3634,1634,34,1,
3635,1635,35,4,
3636,1636,36,3,
3637,1637,37,3,
3638,1638,38,6,
3639,1639,39,2,
3640,1640,40,4,
3641,1641,41,5,
3642,1642,42,4,
3643,1643,43,5,
3644,1644,44,4,
3645,1645,45,7,
3646,1646,46,8,
3647,1647,47,4,
3648,1648,48,7,
3649,1649,49,7,
3650,1650,50,8,
3651,1651,51,8,
3652,1652,52,4,
3653,1653,53,4,
3654,1654,54,0,
3655,1655,55,6,
3656,1656,56,3,
3657,1657,57,5,
3658,1658,58,1,
3659,1659,59,7,
3660,1660,60,0,
3661,1661,61,4,
3662,1662,62,2,
3663,1663,63,1,
3664,1664,64,7,
3665,1665,65,5,
3666,1666,66,5,
3667,1667,67,0,
3668,1668,68,7,
3669,1669,69,6,
3670,1670,70,8,
3671,1671,71,3,
3672,1672,72,7,
3673,1673,73,5,
3674,1674,74,4,
3675,1675,75,1,
3676,1676,76,3,
3677,1677,77,2,
3678,1678,78,8,
3679,1679,79,2,
3680,1680,80,7,
3681,1681,81,2,
3682,1682,82,6,
3683,1683,83,3,
3684,1684,84,2,
3685,1685,85,4,
3686,1686,86,0,
3687,1687,87,2,
3688,1688,88,7,
3689,1689,89,0,
3690,1690,90,7,
3691,1691,91,4,
3692,1692,92,6,
3693,1693,93,3,
3694,1694,94,3,
3695,1695,95,5,
3696,1696,96,3,
3697,1697,97,2,
3698,1698,98,7,
3699,1699,99,5,
3700,1700,0,2,
3701,1701,1,3,
3702,1702,2,7,
3703,1703,3,2,
3704,1704,4,4,
3705,1705,5,3,
3706,1706,6,8,
3707,1707,7,1,
3708,1708,8,6,
3709,1709,9,5,
3710,1710,10,1,
3711,1711,11,6,
3712,1712,12,4,
3713,1713,13,7,
3714,1714,14,0,
3715,1715,15,1,
3716,1716,16,1,
3717,1717,17,3,
3718,1718,18,8,
3719,1719,19,6,
3720,1720,20,4,
3721,1721,21,4,
3722,1722,22,7,
3723,1723,23,4,
3724,1724,24,4,
3725,1725,25,2,
3726,1726,26,8,
3727,1727,27,2,
3728,1728,28,0,
3729,1729,29,6,
3730,1730,30,6,
3731,1731,31,5,
3732,1732,32,8,
3733,1733,33,0,
3734,1734,34,3,
3735,1735,35,3,
3736,1736,36,3,
3737,1737,37,8,
3738,1738,38,4,
3739,1739,39,6,
3740,1740,40,2,
3741,1741,41,4,
3742,1742,42,6,
3743,1743,43,6,
3744,1744,44,6,
3745,1745,45,1,
3746,1746,46,2,
3747,1747,47,4,
3748,1748,48,6,
3749,1749,49,8,
3750,1750,50,8,
3751,1751,51,0,
3752,1752,52,1,
3753,1753,53,4,
3754,1754,54,8,
3755,1755,55,7,
3756,1756,56,0,
3757,1757,57,6,
3758,1758,58,7,
3759,1759,59,1,
3760,1760,60,1,
3761,1761,61,4,
3762,1762,62,5,
3763,1763,63,6,
3764,1764,64,7,
3765,1765,65,4,
3766,1766,66,8,
3767,1767,67,4,
3768,1768,68,1,
3769,1769,69,7,
3770,1770,70,8,
3771,1771,71,3,
3772,1772,72,4,
3773,1773,73,0,
3774,1774,74,4,
3775,1775,75,1,
3776,1776,76,6,
3777,1777,77,5,
3778,1778,78,6,
3779,1779,79,4,
3780,1780,80,6,
3781,1781,81,2,
3782,1782,82,3,
3783,1783,83,7,
3784,1784,84,5,
3785,1785,85,5,
3786,1786,86,4,
3787,1787,87,4,
3788,1788,88,6,
3789,1789,89,6,
3790,1790,90,6,
3791,1791,91,7,
3792,1792,92,1,
3793,1793,93,4,
3794,1794,94,3,
3795,1795,95,5,
3796,1796,96,3,
3797,1797,97,0,
3798,1798,98,5,
3799,1799,99,4,
3800,1800,0,0,
3801,1801,1,0,
3802,1802,2,0,
3803,1803,3,7,
3804,1804,4,4,
3805,1805,5,3,
3806,1806,6,2,
3807,1807,7,2,
3808,1808,8,4,
3809,1809,9,6,
3810,1810,10,4,
3811,1811,11,3,
3812,1812,12,5,
3813,1813,13,4,
3814,1814,14,4,
3815,1815,15,5,
3816,1816,16,0,
3817,1817,17,3,
3818,1818,18,4,
3819,1819,19,7,
3820,1820,20,2,
3821,1821,21,7,
3822,1822,22,0,
3823,1823,23,3,
3824,1824,24,2,
3825,1825,25,6,
3826,1826,26,5,
3827,1827,27,4,
3828,1828,28,5,
3829,1829,29,7,
3830,1830,30,4,
3831,1831,31,1,
3832,1832,32,8,
3833,1833,33,2,
3834,1834,34,2,
3835,1835,35,5,
3836,1836,36,0,
3837,1837,37,3,
3838,1838,38,3,
3839,1839,39,6,
3840,1840,40,5,
3841,1841,41,5,
3842,1842,42,5,
3843,1843,43,1,
3844,1844,44,0,
3845,1845,45,7,
3846,1846,46,4,
3847,1847,47,8,
3848,1848,48,7,
3849,1849,49,2,
3850,1850,50,8,
3851,1851,51,5,
3852,1852,52,5,
3853,1853,53,6,
3854,1854,54,1,
3855,1855,55,1,
3856,1856,56,0,
3857,1857,57,5,
3858,1858,58,3,
3859,1859,59,6,
3860,1860,60,7,
3861,1861,61,1,
3862,1862,62,7,
3863,1863,63,1,
3864,1864,64,5,
3865,1865,65,4,
3866,1866,66,3,
3867,1867,67,0,
3868,1868,68,3,
3869,1869,69,4,
3870,1870,70,1,
3871,1871,71,6,
3872,1872,72,3,
3873,1873,73,8,
3874,1874,74,5,
3875,1875,75,8,
3876,1876,76,4,
3877,1877,77,0,
3878,1878,78,2,
3879,1879,79,5,
3880,1880,80,3,
3881,1881,81,2,
3882,1882,82,5,
3883,1883,83,0,
3884,1884,84,8,
3885,1885,85,6,
3886,1886,86,1,
3887,1887,87,3,
3888,1888,88,3,
3889,1889,89,4,
3890,1890,90,2,
3891,1891,91,4,
3892,1892,92,7,
3893,1893,93,4,
3894,1894,94,0,
3895,1895,95,5,
3896,1896,96,5,
3897,1897,97,5,
3898,1898,98,2,
3899,1899,99,1,
3900,1900,0,5,
3901,1901,1,5,
3902,1902,2,4,
3903,1903,3,5,
3904,1904,4,5,
3905,1905,5,3,
3906,1906,6,7,
3907,1907,7,3,
3908,1908,8,5,
3909,1909,9,0,
3910,1910,10,5,
3911,1911,11,4,
3912,1912,12,3,
3913,1913,13,2,
3914,1914,14,2,
3915,1915,15,3,
3916,1916,16,0,
3917,1917,17,3,
3918,1918,18,4,
3919,1919,19,6,
3920,1920,20,5,
3921,1921,21,3,
3922,1922,22,4,
3923,1923,23,3,
3924,1924,24,6,
3925,1925,25,2,
3926,1926,26,1,
3927,1927,27,1,
3928,1928,28,0,
3929,1929,29,6,
3930,1930,30,2,
3931,1931,31,4,
3932,1932,32,2,
3933,1933,33,3,
3934,1934,34,1,
3935,1935,35,1,
3936,1936,36,8,
3937,1937,37,1,
3938,1938,38,1,
3939,1939,39,4,
3940,1940,40,4,
3941,1941,41,2,
3942,1942,42,0,
3943,1943,43,0,
3944,1944,44,8,
3945,1945,45,5,
3946,1946,46,7,
3947,1947,47,3,
3948,1948,48,5,
3949,1949,49,3,
3950,1950,50,1,
3951,1951,51,2,
3952,1952,52,3,
3953,1953,53,8,
3954,1954,54,0,
3955,1955,55,8,
3956,1956,56,8,
3957,1957,57,1,
3958,1958,58,3,
3959,1959,59,4,
3960,1960,60,6,
3961,1961,61,5,
3962,1962,62,3,
3963,1963,63,3,
3964,1964,64,7,
3965,1965,65,2,
3966,1966,66,8,
3967,1967,67,2,
3968,1968,68,7,
3969,1969,69,8,
3970,1970,70,4,
3971,1971,71,5,
3972,1972,72,6,
3973,1973,73,7,
3974,1974,74,4,
3975,1975,75,1,
3976,1976,76,1,
3977,1977,77,7,
3978,1978,78,0,
3979,1979,79,1,
3980,1980,80,0,
3981,1981,81,6,
3982,1982,82,6,
3983,1983,83,0,
3984,1984,84,5,
3985,1985,85,5,
3986,1986,86,8,
3987,1987,87,5,
3988,1988,88,2,
3989,1989,89,4,
3990,1990,90,4,
3991,1991,91,3,
3992,1992,92,4,
3993,1993,93,7,
3994,1994,94,7,
3995,1995,95,8,
3996,1996,96,0,
3997,1997,97,0,
3998,1998,98,5,
3999,1999,99,5,
