0,2022/08/21,19:34:18,0,0,
1,2022/05/28,21:07:47,1,1,
2,2022/04/26,17:41:09,2,2,
3,2022/09/28,08:57:48,3,3,
4,2022/01/21,01:31:14,4,4,
5,2022/05/09,01:18:27,5,5,
6,2022/09/25,20:28:53,6,6,
7,2022/04/04,12:25:09,7,7,
8,2022/07/07,21:25:13,8,8,
9,2022/09/09,13:04:43,9,9,
10,2022/02/16,18:48:33,10,10,
11,2022/03/22,06:14:14,11,11,
12,2022/04/09,04:52:16,12,12,
13,2022/06/06,07:41:24,13,13,
14,2022/08/16,14:21:16,14,14,
15,2022/06/05,00:42:52,15,15,
16,2022/01/17,22:01:01,16,16,
17,2022/05/23,12:09:26,17,17,
18,2022/04/21,17:02:55,18,18,
19,2022/08/26,01:38:35,19,19,
20,2022/12/10,22:13:42,20,20,
21,2022/09/28,14:40:33,21,21,
22,2022/09/13,22:48:28,22,22,
23,2022/04/09,22:02:37,23,23,
24,2022/02/04,12:23:15,24,24,
25,2022/06/22,00:57:12,25,25,
26,2022/11/23,18:58:08,26,26,
27,2022/09/08,23:45:13,27,27,
28,2022/04/08,20:18:01,28,28,
29,2022/03/02,16:10:13,29,29,
30,2022/07/22,02:47:18,30,30,
31,2022/01/22,22:11:05,31,31,
32,2022/12/24,07:21:00,32,32,
33,2022/07/31,19:40:54,33,33,
34,2022/07/14,06:21:38,34,34,
35,2022/12/16,14:27:48,35,35,
36,2022/11/07,20:00:06,36,36,
37,2022/11/23,00:05:06,37,37,
38,2022/12/15,21:43:34,38,38,
39,2022/12/22,04:46:40,39,39,
40,2022/03/06,15:12:00,40,40,
41,2022/09/07,10:50:55,41,41,
42,2022/11/16,00:39:02,42,42,
43,2022/05/19,09:33:25,43,43,
44,2022/01/04,11:26:19,44,44,
45,2022/11/28,20:45:52,45,45,
46,2022/11/27,05:28:16,46,46,
47,2022/05/02,07:01:02,47,47,
48,2022/03/31,18:18:36,48,48,
49,2022/07/10,13:04:11,49,49,
50,2022/06/10,17:33:22,50,50,
51,2022/05/07,22:12:00,51,51,
52,2022/06/17,20:14:54,52,52,
53,2022/06/27,18:13:09,53,53,
54,2022/05/05,03:49:01,54,54,
55,2022/11/20,09:11:53,55,55,
56,2022/06/28,18:37:43,56,56,
57,2022/04/19,16:59:47,57,57,
58,2022/04/04,23:33:20,58,58,
59,2022/05/12,16:19:13,59,59,
60,2022/01/19,16:08:27,60,60,
61,2022/04/05,19:56:49,61,61,
62,2022/11/17,16:28:55,62,62,
63,2022/11/17,06:05:10,63,63,
64,2022/11/01,06:59:21,64,64,
65,2022/03/12,16:18:49,65,65,
66,2022/11/13,20:35:35,66,66,
67,2022/07/20,03:50:40,67,67,
68,2022/12/02,12:12:14,68,68,
69,2022/04/12,21:29:46,69,69,
70,2022/03/18,20:03:05,70,70,
71,2022/03/05,07:45:29,71,71,
72,2022/06/01,11:17:40,72,72,
73,2022/02/28,11:15:31,73,73,
74,2022/03/21,13:35:13,74,74,
75,2022/08/07,09:52:12,75,75,
76,2022/08/25,08:42:34,76,76,
77,2022/08/21,13:44:18,77,77,
78,2022/07/19,18:07:00,78,78,
79,2022/02/09,01:58:18,79,79,
80,2022/05/26,12:10:34,80,80,
81,2022/06/21,01:52:57,81,81,
82,2022/10/24,17:47:14,82,82,
83,2022/08/09,10:25:14,83,83,
84,2022/11/18,00:04:13,84,84,
85,2022/02/19,13:21:07,85,85,
86,2022/09/19,22:42:24,86,86,
87,2022/06/20,11:15:48,87,87,
88,2022/07/18,03:08:08,88,88,
89,2022/08/07,22:36:37,89,89,
90,2022/10/24,23:14:40,90,90,
91,2022/04/29,16:54:15,91,91,
92,2022/11/28,01:13:53,92,92,
93,2022/06/10,03:09:55,93,93,
94,2022/04/18,17:51:13,94,94,
95,2022/02/21,20:11:40,95,95,
96,2022/12/11,02:16:41,96,96,
97,2022/11/04,18:07:30,97,97,
98,2022/05/27,17:15:35,98,98,
99,2022/05/07,09:08:39,99,99,
100,2022/10/01,13:46:17,0,100,
101,2022/05/01,13:32:12,1,101,
102,2022/05/20,14:14:55,2,102,
103,2022/12/04,11:58:08,3,103,
104,2022/07/15,01:50:36,4,104,
105,2022/04/06,17:29:11,5,105,
106,2022/01/22,03:58:23,6,106,
107,2022/08/31,19:50:12,7,107,
108,2022/03/04,23:30:39,8,108,
109,2022/06/11,09:03:44,9,109,
110,2022/06/20,22:58:38,10,110,
111,2022/01/02,05:03:41,11,111,
112,2022/10/16,08:39:36,12,112,
113,2022/05/21,12:21:30,13,113,
114,2022/02/18,22:30:14,14,114,
115,2022/03/02,18:08:11,15,115,
116,2022/03/18,12:27:01,16,116,
117,2022/01/24,14:12:59,17,117,
118,2022/11/16,06:27:08,18,118,
119,2022/07/21,17:22:18,19,119,
120,2022/03/03,20:59:46,20,120,
121,2022/03/18,10:36:29,21,121,
122,2022/04/21,07:01:09,22,122,
123,2022/07/10,03:38:04,23,123,
124,2022/08/25,03:00:33,24,124,
125,2022/06/18,13:11:38,25,125,
126,2022/04/29,23:42:00,26,126,
127,2022/01/24,13:52:04,27,127,
128,2022/10/06,05:15:07,28,128,
129,2022/12/23,23:24:13,29,129,
130,2022/05/11,22:50:55,30,130,
131,2022/01/03,15:48:20,31,131,
132,2022/12/25,11:02:45,32,132,
133,2022/04/01,20:42:55,33,133,
134,2022/01/28,17:00:46,34,134,
135,2022/10/04,04:23:03,35,135,
136,2022/09/08,02:02:14,36,136,
137,2022/04/04,05:48:12,37,137,
138,2022/11/02,13:20:52,38,138,
139,2022/09/11,12:22:39,39,139,
140,2022/05/02,15:03:16,40,140,
141,2022/04/07,03:58:19,41,141,
142,2022/03/09,17:25:36,42,142,
143,2022/09/21,21:57:19,43,143,
144,2022/09/01,17:57:40,44,144,
145,2022/10/11,07:38:17,45,145,
146,2022/01/08,17:15:28,46,146,
147,2022/08/12,17:20:05,47,147,
148,2022/11/08,16:02:32,48,148,
149,2022/07/15,17:22:00,49,149,
150,2022/05/09,01:25:44,50,150,
151,2022/03/02,00:57:21,51,151,
152,2022/05/18,05:34:06,52,152,
153,2022/07/31,15:02:01,53,153,
154,2022/10/02,07:35:47,54,154,
155,2022/04/04,17:36:22,55,155,
156,2022/02/11,21:12:39,56,156,
157,2022/09/19,04:53:52,57,157,
158,2022/11/11,16:04:42,58,158,
159,2022/05/08,05:22:58,59,159,
160,2022/12/22,08:46:35,60,160,
161,2022/12/07,09:44:13,61,161,
162,2022/08/21,03:18:22,62,162,
163,2022/01/17,08:58:31,63,163,
164,2022/12/06,09:04:29,64,164,
165,2022/08/11,11:10:11,65,165,
166,2022/02/18,08:36:23,66,166,
167,2022/09/07,20:40:07,67,167,
168,2022/05/22,16:10:19,68,168,
169,2022/07/20,06:24:53,69,169,
170,2022/01/20,00:45:28,70,170,
171,2022/03/06,13:40:32,71,171,
172,2022/03/14,03:59:17,72,172,
173,2022/03/13,17:04:58,73,173,
174,2022/05/06,05:03:27,74,174,
175,2022/06/21,17:55:18,75,175,
176,2022/10/15,16:30:32,76,176,
177,2022/07/25,19:59:37,77,177,
178,2022/07/15,02:05:34,78,178,
179,2022/05/27,16:08:10,79,179,
180,2022/03/03,05:07:35,80,180,
181,2022/09/17,17:48:54,81,181,
182,2022/09/07,01:03:29,82,182,
183,2022/10/26,20:14:51,83,183,
184,2022/10/27,08:38:48,84,184,
185,2022/10/30,16:44:05,85,185,
186,2022/01/05,09:54:12,86,186,
187,2022/03/15,14:22:06,87,187,
188,2022/09/23,10:46:48,88,188,
189,2022/04/03,13:20:35,89,189,
190,2022/09/09,20:38:02,90,190,
191,2022/03/19,10:55:54,91,191,
192,2022/01/15,16:16:30,92,192,
193,2022/12/19,00:52:25,93,193,
194,2022/05/07,15:41:46,94,194,
195,2022/11/10,02:58:33,95,195,
196,2022/02/16,09:02:58,96,196,
197,2022/06/04,15:39:22,97,197,
198,2022/03/04,23:47:34,98,198,
199,2022/03/27,16:29:36,99,199,
200,2022/01/21,06:40:57,0,200,
201,2022/09/21,18:27:51,1,201,
202,2022/10/15,23:04:46,2,202,
203,2022/12/24,13:50:34,3,203,
204,2022/09/07,13:42:27,4,204,
205,2022/07/05,00:14:56,5,205,
206,2022/03/30,08:43:26,6,206,
207,2022/12/22,22:52:17,7,207,
208,2022/12/09,11:58:11,8,208,
209,2022/02/05,16:46:33,9,209,
210,2022/09/21,11:12:20,10,210,
211,2022/11/21,00:15:43,11,211,
212,2022/12/26,03:43:33,12,212,
213,2022/09/11,13:03:52,13,213,
214,2022/12/13,09:29:43,14,214,
215,2022/07/27,21:17:02,15,215,
216,2022/04/27,12:23:47,16,216,
217,2022/10/06,15:38:41,17,217,
218,2022/04/15,10:14:36,18,218,
219,2022/06/12,07:21:45,19,219,
220,2022/01/10,19:47:59,20,220,
221,2022/10/26,21:59:32,21,221,
222,2022/01/04,13:05:34,22,222,
223,2022/05/27,04:33:33,23,223,
224,2022/09/13,14:37:23,24,224,
225,2022/04/12,12:06:12,25,225,
226,2022/05/04,08:45:18,26,226,
227,2022/10/11,00:05:04,27,227,
228,2022/10/30,19:10:52,28,228,
229,2022/02/21,00:45:19,29,229,
230,2022/02/11,20:14:07,30,230,
231,2022/06/29,16:35:11,31,231,
232,2022/07/15,01:05:25,32,232,
233,2022/07/25,10:34:45,33,233,
234,2022/04/05,18:41:42,34,234,
235,2022/06/03,23:29:52,35,235,
236,2022/01/28,03:51:56,36,236,
237,2022/09/05,18:08:43,37,237,
238,2022/05/15,19:12:45,38,238,
239,2022/07/11,23:31:18,39,239,
240,2022/06/23,05:57:44,40,240,
241,2022/03/09,22:54:12,41,241,
242,2022/02/12,17:27:27,42,242,
243,2022/05/15,10:11:38,43,243,
244,2022/02/21,08:19:18,44,244,
245,2022/07/22,05:29:47,45,245,
246,2022/04/19,16:06:09,46,246,
247,2022/01/11,13:44:23,47,247,
248,2022/05/21,02:51:18,48,248,
249,2022/11/28,08:55:28,49,249,
250,2022/09/02,13:17:05,50,250,
251,2022/07/10,00:08:25,51,251,
252,2022/03/04,01:36:09,52,252,
253,2022/11/19,11:54:33,53,253,
254,2022/12/21,05:30:54,54,254,
255,2022/03/30,15:08:00,55,255,
256,2022/07/22,23:06:51,56,256,
257,2022/01/20,21:11:46,57,257,
258,2022/09/22,09:22:02,58,258,
259,2022/01/26,22:11:36,59,259,
260,2022/08/01,21:16:59,60,260,
261,2022/09/15,13:06:21,61,261,
262,2022/09/20,08:22:05,62,262,
263,2022/02/11,22:39:17,63,263,
264,2022/08/24,03:13:57,64,264,
265,2022/02/07,16:32:46,65,265,
266,2022/04/27,23:58:52,66,266,
267,2022/04/06,09:59:04,67,267,
268,2022/07/22,09:02:17,68,268,
269,2022/06/08,16:05:14,69,269,
270,2022/12/06,01:43:30,70,270,
271,2022/12/25,01:02:59,71,271,
272,2022/11/04,11:33:43,72,272,
273,2022/02/22,13:11:47,73,273,
274,2022/04/19,18:37:45,74,274,
275,2022/02/06,04:13:32,75,275,
276,2022/01/03,05:39:43,76,276,
277,2022/05/12,15:42:38,77,277,
278,2022/06/25,05:33:05,78,278,
279,2022/05/30,10:46:03,79,279,
280,2022/10/06,14:08:00,80,280,
281,2022/07/21,09:00:37,81,281,
282,2022/09/05,14:54:33,82,282,
283,2022/06/09,19:22:45,83,283,
284,2022/07/06,09:56:35,84,284,
285,2022/09/07,18:29:17,85,285,
286,2022/03/24,10:10:17,86,286,
287,2022/08/29,16:23:43,87,287,
288,2022/07/18,17:58:13,88,288,
289,2022/06/25,16:02:33,89,289,
290,2022/06/05,18:08:43,90,290,
291,2022/12/27,02:54:36,91,291,
292,2022/09/22,05:27:40,92,292,
293,2022/07/28,03:34:20,93,293,
294,2022/02/12,23:11:43,94,294,
295,2022/05/15,16:45:03,95,295,
296,2022/09/09,07:46:17,96,296,
297,2022/08/18,07:07:10,97,297,
298,2022/01/09,14:09:01,98,298,
299,2022/10/02,14:39:06,99,299,
300,2022/10/04,08:43:34,0,300,
301,2022/10/07,15:22:23,1,301,
302,2022/05/22,18:09:53,2,302,
303,2022/11/05,14:25:38,3,303,
304,2022/02/15,02:57:28,4,304,
305,2022/10/21,16:40:27,5,305,
306,2022/05/29,17:25:33,6,306,
307,2022/05/04,02:41:16,7,307,
308,2022/01/11,00:11:12,8,308,
309,2022/03/19,16:40:20,9,309,
310,2022/05/20,12:03:38,10,310,
311,2022/07/20,02:19:44,11,311,
312,2022/12/16,04:04:45,12,312,
313,2022/10/03,23:15:02,13,313,
314,2022/10/09,16:00:11,14,314,
315,2022/09/13,18:10:23,15,315,
316,2022/02/03,09:34:45,16,316,
317,2022/03/27,23:49:21,17,317,
318,2022/06/04,18:04:07,18,318,
319,2022/03/22,18:27:03,19,319,
320,2022/07/05,06:25:55,20,320,
321,2022/10/20,14:09:02,21,321,
322,2022/09/12,00:46:27,22,322,
323,2022/10/21,02:31:10,23,323,
324,2022/12/09,23:48:36,24,324,
325,2022/09/29,15:13:42,25,325,
326,2022/04/29,03:08:36,26,326,
327,2022/03/05,03:05:11,27,327,
328,2022/01/03,23:24:35,28,328,
329,2022/09/29,18:27:17,29,329,
330,2022/02/15,18:07:48,30,330,
331,2022/09/04,12:27:49,31,331,
332,2022/04/10,03:50:26,32,332,
333,2022/12/22,04:31:32,33,333,
334,2022/12/24,15:30:28,34,334,
335,2022/04/02,16:50:53,35,335,
336,2022/07/20,21:55:46,36,336,
337,2022/07/26,11:56:41,37,337,
338,2022/09/08,21:19:11,38,338,
339,2022/05/16,18:51:49,39,339,
340,2022/04/01,10:18:51,40,340,
341,2022/04/09,22:54:55,41,341,
342,2022/07/22,12:53:59,42,342,
343,2022/12/10,03:22:49,43,343,
344,2022/10/07,21:08:38,44,344,
345,2022/05/28,15:55:42,45,345,
346,2022/11/22,18:43:00,46,346,
347,2022/05/13,09:41:57,47,347,
348,2022/03/08,20:47:32,48,348,
349,2022/05/17,00:24:52,49,349,
350,2022/10/09,09:07:10,50,350,
351,2022/02/23,21:53:53,51,351,
352,2022/09/18,14:09:51,52,352,
353,2022/04/30,00:08:49,53,353,
354,2022/08/26,23:37:46,54,354,
355,2022/10/30,19:29:50,55,355,
356,2022/10/05,22:11:17,56,356,
357,2022/10/19,15:10:48,57,357,
358,2022/10/21,11:58:53,58,358,
359,2022/02/09,07:12:21,59,359,
360,2022/06/27,22:32:33,60,360,
361,2022/05/18,05:47:53,61,361,
362,2022/08/20,02:26:03,62,362,
363,2022/05/10,04:55:43,63,363,
364,2022/03/12,16:05:03,64,364,
365,2022/09/13,15:55:07,65,365,
366,2022/04/05,12:11:14,66,366,
367,2022/01/08,05:53:25,67,367,
368,2022/01/19,03:45:08,68,368,
369,2022/05/31,14:11:37,69,369,
370,2022/01/05,01:27:15,70,370,
371,2022/07/18,07:40:50,71,371,
372,2022/11/02,07:23:08,72,372,
373,2022/10/16,18:47:15,73,373,
374,2022/09/27,18:22:15,74,374,
375,2022/10/09,14:26:56,75,375,
376,2022/10/22,08:46:59,76,376,
377,2022/03/25,01:11:33,77,377,
378,2022/12/31,03:17:33,78,378,
379,2022/01/15,10:22:08,79,379,
380,2022/10/29,14:55:58,80,380,
381,2022/10/16,03:44:16,81,381,
382,2022/07/22,10:41:49,82,382,
383,2022/05/12,20:00:14,83,383,
384,2022/05/19,13:08:32,84,384,
385,2022/06/21,04:27:57,85,385,
386,2022/10/19,06:51:33,86,386,
387,2022/06/14,05:45:20,87,387,
388,2022/02/19,09:05:53,88,388,
389,2022/12/05,05:15:19,89,389,
390,2022/12/22,09:30:07,90,390,
391,2022/06/19,07:56:01,91,391,
392,2022/02/08,04:46:15,92,392,
393,2022/10/23,15:02:19,93,393,
394,2022/05/05,22:18:53,94,394,
395,2022/09/15,10:56:51,95,395,
396,2022/08/21,12:42:22,96,396,
397,2022/12/09,22:01:04,97,397,
398,2022/08/14,20:45:39,98,398,
399,2022/09/09,00:14:20,99,399,
400,2022/10/07,09:58:50,0,400,
401,2022/12/11,02:53:18,1,401,
402,2022/05/30,02:02:21,2,402,
403,2022/04/19,11:56:49,3,403,
404,2022/08/22,11:18:48,4,404,
405,2022/02/26,08:51:50,5,405,
406,2022/05/30,03:23:44,6,406,
407,2022/12/11,06:31:09,7,407,
408,2022/01/20,00:44:58,8,408,
409,2022/11/02,02:44:56,9,409,
410,2022/08/03,06:36:19,10,410,
411,2022/12/10,16:40:09,11,411,
412,2022/05/12,14:48:59,12,412,
413,2022/01/23,16:25:31,13,413,
414,2022/08/31,20:43:01,14,414,
415,2022/07/08,07:04:48,15,415,
416,2022/03/19,15:49:55,16,416,
417,2022/10/13,10:50:27,17,417,
418,2022/07/30,06:01:20,18,418,
419,2022/03/01,08:40:51,19,419,
420,2022/12/04,20:08:25,20,420,
421,2022/12/15,08:27:30,21,421,
422,2022/09/30,17:47:19,22,422,
423,2022/04/10,13:55:21,23,423,
424,2022/06/19,08:56:55,24,424,
425,2022/09/26,07:02:31,25,425,
426,2022/05/04,08:11:38,26,426,
427,2022/04/03,14:31:54,27,427,
428,2022/04/18,03:59:49,28,428,
429,2022/02/05,15:08:15,29,429,
430,2022/11/02,18:07:33,30,430,
431,2022/07/14,16:20:05,31,431,
432,2022/08/10,19:51:51,32,432,
433,2022/06/03,06:12:25,33,433,
434,2022/08/10,06:36:52,34,434,
435,2022/03/11,00:47:36,35,435,
436,2022/09/06,23:03:40,36,436,
437,2022/11/23,20:23:05,37,437,
438,2022/04/20,17:32:12,38,438,
439,2022/02/12,07:39:25,39,439,
440,2022/05/13,09:18:46,40,440,
441,2022/09/30,22:53:16,41,441,
442,2022/03/27,19:13:57,42,442,
443,2022/12/03,12:06:56,43,443,
444,2022/12/12,20:25:58,44,444,
445,2022/09/01,21:37:39,45,445,
446,2022/02/20,18:41:54,46,446,
447,2022/01/11,18:58:24,47,447,
448,2022/12/09,21:34:40,48,448,
449,2022/12/27,01:56:07,49,449,
450,2022/11/16,16:23:34,50,450,
451,2022/08/07,00:36:11,51,451,
452,2022/06/18,11:33:10,52,452,
453,2022/05/22,18:45:09,53,453,
454,2022/01/19,12:21:03,54,454,
455,2022/04/28,14:32:43,55,455,
456,2022/04/26,19:42:34,56,456,
457,2022/04/06,20:39:27,57,457,
458,2022/07/24,07:09:46,58,458,
459,2022/03/03,18:40:26,59,459,
460,2022/12/07,09:11:31,60,460,
461,2022/12/30,05:19:02,61,461,
462,2022/08/04,06:07:55,62,462,
463,2022/08/09,10:43:21,63,463,
464,2022/10/01,15:18:04,64,464,
465,2022/10/13,11:31:41,65,465,
466,2022/07/21,16:37:30,66,466,
467,2022/12/07,23:28:57,67,467,
468,2022/09/20,09:23:26,68,468,
469,2022/09/27,21:43:12,69,469,
470,2022/12/04,10:51:23,70,470,
471,2022/09/21,08:39:53,71,471,
472,2022/01/05,02:16:23,72,472,
473,2022/06/02,15:32:29,73,473,
474,2022/02/12,19:46:52,74,474,
475,2022/06/27,07:26:57,75,475,
476,2022/02/09,05:29:47,76,476,
477,2022/01/17,07:17:17,77,477,
478,2022/09/05,19:36:34,78,478,
479,2022/02/04,15:01:33,79,479,
480,2022/10/31,09:57:23,80,480,
481,2022/01/01,01:31:43,81,481,
482,2022/08/02,20:53:20,82,482,
483,2022/07/25,03:38:50,83,483,
484,2022/01/23,05:51:14,84,484,
485,2022/06/05,22:19:58,85,485,
486,2022/05/17,02:47:22,86,486,
487,2022/03/16,18:20:48,87,487,
488,2022/02/02,09:46:18,88,488,
489,2022/12/14,15:01:28,89,489,
490,2022/04/25,15:54:25,90,490,
491,2022/04/21,04:00:59,91,491,
492,2022/12/15,07:58:16,92,492,
493,2022/12/06,01:15:11,93,493,
494,2022/12/30,03:17:35,94,494,
495,2022/10/05,18:46:41,95,495,
496,2022/03/12,18:25:07,96,496,
497,2022/09/08,07:13:45,97,497,
498,2022/12/11,03:47:01,98,498,
499,2022/06/06,06:17:58,99,499,
500,2022/10/07,12:53:48,0,500,
501,2022/08/16,08:57:49,1,501,
502,2022/02/18,13:26:14,2,502,
503,2022/01/08,00:15:46,3,503,
504,2022/03/22,03:13:50,4,504,
505,2022/04/14,22:23:50,5,505,
506,2022/07/21,16:32:20,6,506,
507,2022/10/31,00:58:05,7,507,
508,2022/04/01,12:16:36,8,508,
509,2022/08/05,05:58:49,9,509,
510,2022/03/14,03:58:19,10,510,
511,2022/09/27,22:49:43,11,511,
512,2022/04/01,17:35:01,12,512,
513,2022/12/20,08:28:52,13,513,
514,2022/02/08,18:27:07,14,514,
515,2022/01/22,04:28:49,15,515,
516,2022/07/25,03:29:45,16,516,
517,2022/01/02,08:13:28,17,517,
518,2022/04/19,16:01:54,18,518,
519,2022/05/06,05:36:38,19,519,
520,2022/06/07,17:41:50,20,520,
521,2022/11/11,10:32:14,21,521,
522,2022/10/23,21:41:17,22,522,
523,2022/03/20,01:19:52,23,523,
524,2022/11/30,21:40:52,24,524,
525,2022/09/07,09:23:29,25,525,
526,2022/02/23,07:59:04,26,526,
527,2022/09/14,22:13:41,27,527,
528,2022/04/14,22:49:28,28,528,
529,2022/07/11,20:46:15,29,529,
530,2022/10/10,07:46:08,30,530,
531,2022/10/17,06:43:17,31,531,
532,2022/08/17,06:36:27,32,532,
533,2022/09/28,10:40:14,33,533,
534,2022/08/11,03:39:18,34,534,
535,2022/02/07,04:00:05,35,535,
536,2022/09/09,18:31:15,36,536,
537,2022/10/10,03:56:38,37,537,
538,2022/07/12,23:34:15,38,538,
539,2022/11/19,21:42:46,39,539,
540,2022/03/15,03:02:52,40,540,
541,2022/09/24,20:18:40,41,541,
542,2022/05/07,19:09:09,42,542,
543,2022/11/02,00:58:26,43,543,
544,2022/02/26,08:29:46,44,544,
545,2022/04/21,07:25:34,45,545,
546,2022/11/21,23:08:18,46,546,
547,2022/04/27,00:36:07,47,547,
548,2022/11/10,11:24:12,48,548,
549,2022/10/29,21:13:34,49,549,
550,2022/01/06,02:57:28,50,550,
551,2022/01/08,14:19:06,51,551,
552,2022/09/25,21:19:28,52,552,
553,2022/07/27,11:39:54,53,553,
554,2022/09/11,00:30:08,54,554,
555,2022/03/16,04:24:26,55,555,
556,2022/01/19,20:55:10,56,556,
557,2022/07/22,21:35:56,57,557,
558,2022/08/15,16:14:01,58,558,
559,2022/12/29,11:50:34,59,559,
560,2022/03/30,09:09:59,60,560,
561,2022/06/26,07:42:06,61,561,
562,2022/11/05,09:40:50,62,562,
563,2022/05/23,09:33:55,63,563,
564,2022/05/31,06:30:32,64,564,
565,2022/07/26,17:11:37,65,565,
566,2022/06/10,09:44:18,66,566,
567,2022/12/11,09:55:30,67,567,
568,2022/02/20,02:05:39,68,568,
569,2022/05/14,11:39:48,69,569,
570,2022/03/25,04:29:22,70,570,
571,2022/04/30,11:38:23,71,571,
572,2022/10/01,01:50:22,72,572,
573,2022/11/29,10:24:47,73,573,
574,2022/01/12,20:12:58,74,574,
575,2022/02/26,17:49:03,75,575,
576,2022/08/29,08:22:17,76,576,
577,2022/09/15,10:18:29,77,577,
578,2022/12/23,02:49:53,78,578,
579,2022/11/05,22:53:25,79,579,
580,2022/06/08,11:54:07,80,580,
581,2022/05/23,03:02:40,81,581,
582,2022/11/12,02:11:44,82,582,
583,2022/05/30,08:14:54,83,583,
584,2022/08/30,17:06:14,84,584,
585,2022/03/12,20:45:17,85,585,
586,2022/07/29,07:14:53,86,586,
587,2022/05/04,18:03:47,87,587,
588,2022/10/26,13:51:45,88,588,
589,2022/05/30,05:06:33,89,589,
590,2022/01/16,19:12:31,90,590,
591,2022/02/05,04:05:03,91,591,
592,2022/09/12,03:18:53,92,592,
593,2022/07/17,14:16:47,93,593,
594,2022/04/23,01:47:43,94,594,
595,2022/11/09,07:51:50,95,595,
596,2022/02/06,05:24:38,96,596,
597,2022/11/16,23:01:43,97,597,
598,2022/08/10,04:16:16,98,598,
599,2022/06/08,09:33:14,99,599,
600,2022/10/24,06:04:52,0,600,
601,2022/08/03,05:00:56,1,601,
602,2022/07/28,12:27:49,2,602,
603,2022/08/15,00:09:15,3,603,
604,2022/02/27,16:57:31,4,604,
605,2022/08/28,22:06:15,5,605,
606,2022/12/17,16:22:30,6,606,
607,2022/05/12,08:43:23,7,607,
608,2022/07/19,00:24:03,8,608,
609,2022/03/16,04:06:37,9,609,
610,2022/07/09,10:35:14,10,610,
611,2022/06/06,19:27:32,11,611,
612,2022/11/16,06:53:29,12,612,
613,2022/01/10,11:32:25,13,613,
614,2022/11/15,00:38:05,14,614,
615,2022/08/10,02:36:27,15,615,
616,2022/09/09,08:10:09,16,616,
617,2022/06/10,05:16:43,17,617,
618,2022/07/23,17:06:05,18,618,
619,2022/06/28,01:16:14,19,619,
620,2022/06/06,15:50:06,20,620,
621,2022/09/07,10:44:01,21,621,
622,2022/08/05,08:46:37,22,622,
623,2022/05/30,18:31:24,23,623,
624,2022/03/25,00:53:45,24,624,
625,2022/07/10,03:53:56,25,625,
626,2022/03/13,02:08:03,26,626,
627,2022/02/25,13:50:36,27,627,
628,2022/01/14,10:57:48,28,628,
629,2022/10/20,10:53:58,29,629,
630,2022/07/21,23:00:54,30,630,
631,2022/05/22,19:15:43,31,631,
632,2022/01/17,06:31:14,32,632,
633,2022/01/30,16:50:31,33,633,
634,2022/09/26,01:13:31,34,634,
635,2022/01/21,02:28:50,35,635,
636,2022/09/14,09:02:20,36,636,
637,2022/08/04,04:28:10,37,637,
638,2022/03/06,19:22:48,38,638,
639,2022/02/01,01:48:48,39,639,
640,2022/10/23,20:42:03,40,640,
641,2022/03/05,22:47:50,41,641,
642,2022/04/24,23:54:22,42,642,
643,2022/03/12,10:27:41,43,643,
644,2022/06/05,09:07:04,44,644,
645,2022/11/30,14:45:27,45,645,
646,2022/04/10,14:02:45,46,646,
647,2022/09/01,15:19:55,47,647,
648,2022/08/17,23:18:47,48,648,
649,2022/08/18,07:37:39,49,649,
650,2022/10/11,15:44:46,50,650,
651,2022/05/13,13:52:54,51,651,
652,2022/05/12,21:57:22,52,652,
653,2022/06/13,21:31:00,53,653,
654,2022/07/19,05:38:46,54,654,
655,2022/04/16,07:59:33,55,655,
656,2022/11/13,07:17:21,56,656,
657,2022/02/16,18:02:28,57,657,
658,2022/12/14,02:00:52,58,658,
659,2022/07/25,19:36:31,59,659,
660,2022/06/26,20:08:51,60,660,
661,2022/11/05,07:42:23,61,661,
662,2022/09/09,12:03:11,62,662,
663,2022/08/06,23:22:37,63,663,
664,2022/10/05,17:07:37,64,664,
665,2022/08/06,19:15:07,65,665,
666,2022/09/09,13:07:16,66,666,
667,2022/10/05,07:58:11,67,667,
668,2022/03/20,11:59:52,68,668,
669,2022/06/20,08:40:23,69,669,
670,2022/07/29,09:43:25,70,670,
671,2022/12/04,20:39:39,71,671,
672,2022/03/06,06:48:59,72,672,
673,2022/05/22,05:43:13,73,673,
674,2022/04/28,08:49:18,74,674,
675,2022/08/10,22:43:37,75,675,
676,2022/07/03,20:41:21,76,676,
677,2022/02/19,04:28:11,77,677,
678,2022/01/17,00:46:08,78,678,
679,2022/08/19,14:55:11,79,679,
680,2022/02/28,02:26:02,80,680,
681,2022/09/20,14:16:24,81,681,
682,2022/12/04,21:52:00,82,682,
683,2022/07/13,21:02:32,83,683,
684,2022/11/30,06:10:19,84,684,
685,2022/05/28,15:31:53,85,685,
686,2022/10/23,21:25:04,86,686,
687,2022/02/02,10:13:02,87,687,
688,2022/09/01,18:01:33,88,688,
689,2022/12/12,03:37:11,89,689,
690,2022/12/17,23:26:16,90,690,
691,2022/10/04,19:17:46,91,691,
692,2022/02/26,14:42:22,92,692,
693,2022/11/29,01:32:49,93,693,
694,2022/12/10,21:30:53,94,694,
695,2022/11/09,17:56:23,95,695,
696,2022/01/11,00:02:03,96,696,
697,2022/01/24,09:51:59,97,697,
698,2022/09/26,02:37:32,98,698,
699,2022/10/03,08:48:32,99,699,
700,2022/08/03,15:06:04,0,700,
701,2022/03/19,19:31:53,1,701,
702,2022/06/11,04:00:20,2,702,
703,2022/07/01,13:36:45,3,703,
704,2022/08/21,10:21:46,4,704,
705,2022/01/10,07:43:36,5,705,
706,2022/03/28,07:41:00,6,706,
707,2022/07/16,22:40:00,7,707,
708,2022/03/29,10:46:11,8,708,
709,2022/09/06,20:26:11,9,709,
710,2022/06/07,12:42:53,10,710,
711,2022/07/20,17:54:40,11,711,
712,2022/05/15,15:43:43,12,712,
713,2022/05/10,01:34:42,13,713,
714,2022/10/15,17:55:50,14,714,
715,2022/06/16,00:24:49,15,715,
716,2022/09/23,19:10:34,16,716,
717,2022/12/11,16:30:19,17,717,
718,2022/06/10,15:21:16,18,718,
719,2022/03/09,12:38:33,19,719,
720,2022/03/15,15:22:53,20,720,
721,2022/07/08,06:58:28,21,721,
722,2022/01/30,15:38:26,22,722,
723,2022/10/23,08:35:38,23,723,
724,2022/09/22,10:23:49,24,724,
725,2022/05/07,02:30:32,25,725,
726,2022/04/10,18:59:44,26,726,
727,2022/12/28,23:49:53,27,727,
728,2022/07/31,06:07:02,28,728,
729,2022/08/04,09:48:25,29,729,
730,2022/01/10,00:01:02,30,730,
731,2022/12/16,10:50:45,31,731,
732,2022/05/04,15:16:16,32,732,
733,2022/12/06,12:17:18,33,733,
734,2022/12/29,05:49:05,34,734,
735,2022/06/12,20:15:14,35,735,
736,2022/12/28,02:01:05,36,736,
737,2022/09/22,12:19:02,37,737,
738,2022/12/21,10:56:39,38,738,
739,2022/04/11,02:50:53,39,739,
740,2022/12/31,11:07:54,40,740,
741,2022/07/03,04:18:34,41,741,
742,2022/07/02,03:38:14,42,742,
743,2022/07/13,00:53:49,43,743,
744,2022/04/09,14:52:37,44,744,
745,2022/11/16,04:57:19,45,745,
746,2022/10/08,18:31:49,46,746,
747,2022/07/14,17:10:51,47,747,
748,2022/04/26,09:57:00,48,748,
749,2022/03/03,15:14:43,49,749,
750,2022/03/09,11:12:30,50,750,
751,2022/01/06,17:02:55,51,751,
752,2022/02/12,00:03:15,52,752,
753,2022/05/01,12:25:15,53,753,
754,2022/03/05,07:43:43,54,754,
755,2022/03/23,04:22:32,55,755,
756,2022/05/22,11:15:20,56,756,
757,2022/12/17,02:00:24,57,757,
758,2022/03/20,08:14:48,58,758,
759,2022/11/22,16:44:52,59,759,
760,2022/05/07,21:11:05,60,760,
761,2022/07/07,20:03:32,61,761,
762,2022/02/05,16:24:48,62,762,
763,2022/04/01,23:04:57,63,763,
764,2022/02/10,11:29:14,64,764,
765,2022/12/22,03:34:46,65,765,
766,2022/11/23,01:08:01,66,766,
767,2022/07/02,01:10:05,67,767,
768,2022/05/12,03:23:08,68,768,
769,2022/08/07,07:19:35,69,769,
770,2022/03/21,04:09:31,70,770,
771,2022/07/18,12:42:33,71,771,
772,2022/12/04,23:24:33,72,772,
773,2022/07/15,10:01:43,73,773,
774,2022/08/20,13:42:43,74,774,
775,2022/10/02,08:53:35,75,775,
776,2022/05/04,20:01:38,76,776,
777,2022/05/14,10:18:44,77,777,
778,2022/06/06,09:06:03,78,778,
779,2022/02/12,22:19:55,79,779,
780,2022/08/05,23:22:47,80,780,
781,2022/11/29,20:24:52,81,781,
782,2022/01/03,01:32:14,82,782,
783,2022/02/03,19:01:51,83,783,
784,2022/08/25,02:24:55,84,784,
785,2022/11/15,21:22:29,85,785,
786,2022/08/21,02:15:56,86,786,
787,2022/12/19,23:29:51,87,787,
788,2022/05/16,01:32:20,88,788,
789,2022/01/26,21:24:56,89,789,
790,2022/05/26,02:43:58,90,790,
791,2022/07/18,21:34:05,91,791,
792,2022/12/25,15:49:46,92,792,
793,2022/06/04,15:14:35,93,793,
794,2022/05/30,18:05:09,94,794,
795,2022/06/17,05:30:55,95,795,
796,2022/03/23,22:02:39,96,796,
797,2022/12/07,01:07:33,97,797,
798,2022/10/17,19:05:41,98,798,
799,2022/06/26,03:06:59,99,799,
800,2022/09/25,23:28:44,0,800,
801,2022/04/10,00:11:26,1,801,
802,2022/12/17,22:32:25,2,802,
803,2022/07/26,15:58:13,3,803,
804,2022/06/20,09:27:46,4,804,
805,2022/09/22,08:54:42,5,805,
806,2022/02/07,09:57:14,6,806,
807,2022/07/08,05:53:15,7,807,
808,2022/01/19,13:39:32,8,808,
809,2022/09/03,10:48:16,9,809,
810,2022/01/03,22:45:42,10,810,
811,2022/07/17,02:20:41,11,811,
812,2022/06/01,15:57:00,12,812,
813,2022/10/17,04:04:19,13,813,
814,2022/08/15,04:01:11,14,814,
815,2022/01/23,11:22:56,15,815,
816,2022/03/02,04:14:02,16,816,
817,2022/09/01,23:52:51,17,817,
818,2022/12/08,13:36:25,18,818,
819,2022/07/06,02:12:46,19,819,
820,2022/06/20,23:31:41,20,820,
821,2022/07/07,23:03:33,21,821,
822,2022/02/06,15:59:41,22,822,
823,2022/01/22,22:21:03,23,823,
824,2022/06/01,23:41:53,24,824,
825,2022/03/09,18:56:19,25,825,
826,2022/11/15,15:16:50,26,826,
827,2022/06/11,13:42:27,27,827,
828,2022/03/14,02:28:24,28,828,
829,2022/09/13,16:09:19,29,829,
830,2022/11/08,01:47:15,30,830,
831,2022/05/10,03:47:35,31,831,
832,2022/06/28,00:07:07,32,832,
833,2022/11/28,03:21:44,33,833,
834,2022/01/11,11:36:43,34,834,
835,2022/01/26,06:04:50,35,835,
836,2022/11/24,11:05:46,36,836,
837,2022/01/27,12:41:44,37,837,
838,2022/07/22,05:49:52,38,838,
839,2022/04/04,04:18:20,39,839,
840,2022/05/28,16:53:07,40,840,
841,2022/06/15,03:35:33,41,841,
842,2022/12/16,23:04:36,42,842,
843,2022/03/07,17:29:55,43,843,
844,2022/02/06,16:33:41,44,844,
845,2022/03/26,23:00:53,45,845,
846,2022/01/13,08:11:11,46,846,
847,2022/09/17,19:14:14,47,847,
848,2022/09/12,17:12:47,48,848,
849,2022/04/16,05:39:48,49,849,
850,2022/02/20,15:52:01,50,850,
851,2022/11/08,11:24:18,51,851,
852,2022/07/28,03:42:11,52,852,
853,2022/09/13,03:10:44,53,853,
854,2022/09/29,07:54:27,54,854,
855,2022/09/14,11:59:14,55,855,
856,2022/05/09,10:13:29,56,856,
857,2022/12/28,20:54:42,57,857,
858,2022/05/18,04:21:15,58,858,
859,2022/02/01,18:40:06,59,859,
860,2022/04/16,12:57:35,60,860,
861,2022/06/25,23:56:38,61,861,
862,2022/04/19,00:27:42,62,862,
863,2022/03/31,10:32:22,63,863,
864,2022/12/07,10:16:44,64,864,
865,2022/04/04,03:55:24,65,865,
866,2022/08/09,05:03:14,66,866,
867,2022/04/30,07:47:40,67,867,
868,2022/11/12,15:45:57,68,868,
869,2022/08/23,03:46:10,69,869,
870,2022/08/04,01:46:44,70,870,
871,2022/07/30,23:31:37,71,871,
872,2022/06/15,07:45:28,72,872,
873,2022/03/10,17:45:54,73,873,
874,2022/06/30,15:12:29,74,874,
875,2022/06/10,13:38:41,75,875,
876,2022/12/20,09:52:00,76,876,
877,2022/06/23,00:04:15,77,877,
878,2022/01/20,11:35:57,78,878,
879,2022/01/06,06:50:46,79,879,
880,2022/06/16,00:24:58,80,880,
881,2022/05/26,15:04:48,81,881,
882,2022/06/07,00:15:53,82,882,
883,2022/07/21,08:06:00,83,883,
884,2022/03/20,02:48:30,84,884,
885,2022/08/17,16:24:49,85,885,
886,2022/06/20,13:11:21,86,886,
887,2022/12/09,03:38:27,87,887,
888,2022/10/29,12:45:21,88,888,
889,2022/05/19,10:46:30,89,889,
890,2022/04/28,01:53:10,90,890,
891,2022/05/04,16:50:39,91,891,
892,2022/01/06,00:37:22,92,892,
893,2022/10/29,13:58:40,93,893,
894,2022/11/27,01:05:43,94,894,
895,2022/06/22,06:33:16,95,895,
896,2022/10/29,07:44:58,96,896,
897,2022/08/27,11:41:40,97,897,
898,2022/10/09,22:13:50,98,898,
899,2022/03/12,15:31:55,99,899,
900,2022/11/28,10:43:10,0,900,
901,2022/08/17,15:49:10,1,901,
902,2022/04/04,22:49:05,2,902,
903,2022/04/21,08:37:38,3,903,
904,2022/11/05,09:40:00,4,904,
905,2022/03/23,03:57:38,5,905,
906,2022/02/04,12:06:48,6,906,
907,2022/10/28,02:51:37,7,907,
908,2022/11/14,02:08:41,8,908,
909,2022/08/24,09:31:47,9,909,
910,2022/10/31,23:49:37,10,910,
911,2022/02/25,03:48:15,11,911,
912,2022/05/20,07:43:52,12,912,
913,2022/10/13,20:18:45,13,913,
914,2022/09/02,06:02:48,14,914,
915,2022/10/04,10:09:43,15,915,
916,2022/02/01,06:17:08,16,916,
917,2022/11/30,02:03:41,17,917,
918,2022/08/16,10:45:42,18,918,
919,2022/06/11,22:34:04,19,919,
920,2022/09/23,09:27:43,20,920,
921,2022/04/06,17:12:42,21,921,
922,2022/02/26,22:15:32,22,922,
923,2022/04/04,09:32:55,23,923,
924,2022/09/08,05:01:50,24,924,
925,2022/09/08,02:03:36,25,925,
926,2022/08/04,22:22:24,26,926,
927,2022/08/05,02:59:04,27,927,
928,2022/12/01,07:13:04,28,928,
929,2022/02/03,23:30:39,29,929,
930,2022/01/15,08:13:35,30,930,
931,2022/02/14,09:53:18,31,931,
932,2022/01/02,21:42:37,32,932,
933,2022/05/04,15:15:19,33,933,
934,2022/08/05,07:01:36,34,934,
935,2022/06/23,06:00:40,35,935,
936,2022/05/07,22:17:43,36,936,
937,2022/10/18,12:29:17,37,937,
938,2022/01/19,09:30:44,38,938,
939,2022/12/11,08:22:00,39,939,
940,2022/09/19,07:08:54,40,940,
941,2022/10/07,17:28:58,41,941,
942,2022/05/29,12:52:30,42,942,
943,2022/07/20,07:09:36,43,943,
944,2022/08/29,05:19:28,44,944,
945,2022/05/21,04:52:23,45,945,
946,2022/11/24,13:08:26,46,946,
947,2022/03/31,11:10:01,47,947,
948,2022/07/25,06:35:44,48,948,
949,2022/11/05,07:55:43,49,949,
950,2022/04/30,20:59:04,50,950,
951,2022/02/24,05:03:17,51,951,
952,2022/05/01,12:28:11,52,952,
953,2022/12/18,16:10:12,53,953,
954,2022/11/23,08:30:19,54,954,
955,2022/01/08,14:19:32,55,955,
956,2022/12/12,14:41:30,56,956,
957,2022/05/31,10:13:40,57,957,
958,2022/11/21,01:04:04,58,958,
959,2022/06/01,18:55:33,59,959,
960,2022/06/20,11:33:47,60,960,
961,2022/03/19,11:34:50,61,961,
962,2022/11/13,19:20:40,62,962,
963,2022/03/17,23:45:37,63,963,
964,2022/01/28,23:36:57,64,964,
965,2022/04/11,06:46:39,65,965,
966,2022/03/06,17:08:29,66,966,
967,2022/06/02,07:39:25,67,967,
968,2022/05/15,10:23:29,68,968,
969,2022/01/30,23:24:48,69,969,
970,2022/12/27,16:34:54,70,970,
971,2022/07/24,16:41:42,71,971,
972,2022/01/04,23:41:16,72,972,
973,2022/10/11,23:28:39,73,973,
974,2022/03/19,16:22:59,74,974,
975,2022/11/29,13:47:52,75,975,
976,2022/04/09,23:40:45,76,976,
977,2022/04/26,00:07:07,77,977,
978,2022/11/21,08:04:10,78,978,
979,2022/06/08,08:05:40,79,979,
980,2022/04/06,13:43:32,80,980,
981,2022/05/21,14:07:01,81,981,
982,2022/12/25,22:23:47,82,982,
983,2022/04/07,19:00:17,83,983,
984,2022/10/26,02:18:53,84,984,
985,2022/04/01,22:25:18,85,985,
986,2022/09/01,03:42:45,86,986,
987,2022/12/21,02:23:16,87,987,
988,2022/04/19,14:24:30,88,988,
989,2022/10/19,08:12:30,89,989,
990,2022/07/10,01:02:20,90,990,
991,2022/01/15,04:24:51,91,991,
992,2022/10/16,02:41:49,92,992,
993,2022/05/14,06:45:16,93,993,
994,2022/03/22,07:22:03,94,994,
995,2022/03/20,03:50:13,95,995,
996,2022/07/18,06:06:24,96,996,
997,2022/02/18,14:14:56,97,997,
998,2022/08/16,11:49:41,98,998,
999,2022/09/29,06:13:02,99,999,
1000,2022/07/06,04:37:32,0,0,
1001,2022/03/12,13:55:48,1,1,
1002,2022/06/03,10:39:32,2,2,
1003,2022/08/11,09:43:02,3,3,
1004,2022/05/17,06:07:55,4,4,
1005,2022/08/05,00:05:47,5,5,
1006,2022/08/17,16:55:11,6,6,
1007,2022/04/01,02:43:05,7,7,
1008,2022/06/30,19:32:42,8,8,
1009,2022/12/01,14:43:23,9,9,
1010,2022/08/30,00:23:11,10,10,
1011,2022/06/10,02:48:46,11,11,
1012,2022/07/18,12:22:42,12,12,
1013,2022/03/20,04:18:14,13,13,
1014,2022/10/24,09:52:38,14,14,
1015,2022/04/27,04:37:49,15,15,
1016,2022/11/01,02:58:03,16,16,
1017,2022/05/09,14:38:42,17,17,
1018,2022/03/29,20:16:51,18,18,
1019,2022/08/27,18:13:14,19,19,
1020,2022/08/13,21:26:33,20,20,
1021,2022/02/15,10:04:12,21,21,
1022,2022/11/27,15:11:19,22,22,
1023,2022/11/20,08:06:18,23,23,
1024,2022/10/14,05:53:36,24,24,
1025,2022/08/20,05:18:03,25,25,
1026,2022/01/24,22:20:12,26,26,
1027,2022/08/12,05:44:25,27,27,
1028,2022/11/08,09:18:28,28,28,
1029,2022/11/03,20:32:43,29,29,
1030,2022/02/24,14:24:36,30,30,
1031,2022/05/28,15:28:13,31,31,
1032,2022/01/30,00:18:30,32,32,
1033,2022/03/30,11:34:30,33,33,
1034,2022/04/01,23:25:35,34,34,
1035,2022/03/29,12:55:46,35,35,
1036,2022/02/04,11:25:09,36,36,
1037,2022/02/09,23:48:57,37,37,
1038,2022/06/30,21:16:01,38,38,
1039,2022/11/24,21:44:14,39,39,
1040,2022/06/22,00:39:40,40,40,
1041,2022/10/08,12:47:52,41,41,
1042,2022/01/11,12:54:04,42,42,
1043,2022/02/02,01:56:12,43,43,
1044,2022/01/24,08:25:16,44,44,
1045,2022/10/08,17:16:12,45,45,
1046,2022/05/26,03:41:38,46,46,
1047,2022/03/10,12:06:27,47,47,
1048,2022/12/30,03:42:50,48,48,
1049,2022/01/08,09:38:31,49,49,
1050,2022/07/16,02:50:51,50,50,
1051,2022/10/28,19:03:32,51,51,
1052,2022/09/19,15:30:10,52,52,
1053,2022/03/04,19:46:47,53,53,
1054,2022/09/11,12:21:44,54,54,
1055,2022/09/27,21:24:48,55,55,
1056,2022/06/17,11:05:45,56,56,
1057,2022/11/10,01:15:07,57,57,
1058,2022/12/04,04:02:18,58,58,
1059,2022/08/05,10:49:15,59,59,
1060,2022/01/02,12:39:06,60,60,
1061,2022/08/06,05:34:52,61,61,
1062,2022/01/28,14:07:22,62,62,
1063,2022/09/12,12:22:29,63,63,
1064,2022/08/21,04:42:36,64,64,
1065,2022/05/11,15:42:34,65,65,
1066,2022/04/24,13:43:41,66,66,
1067,2022/10/30,07:11:17,67,67,
1068,2022/08/19,12:02:34,68,68,
1069,2022/04/02,22:13:01,69,69,
1070,2022/08/29,05:34:12,70,70,
1071,2022/08/01,09:51:44,71,71,
1072,2022/09/18,12:27:47,72,72,
1073,2022/09/22,23:07:49,73,73,
1074,2022/02/10,12:21:16,74,74,
1075,2022/12/15,23:18:33,75,75,
1076,2022/04/17,03:10:34,76,76,
1077,2022/04/08,11:32:37,77,77,
1078,2022/03/14,11:31:25,78,78,
1079,2022/02/12,23:43:23,79,79,
1080,2022/06/07,19:10:53,80,80,
1081,2022/07/11,23:02:35,81,81,
1082,2022/03/15,16:21:54,82,82,
1083,2022/07/02,18:44:47,83,83,
1084,2022/11/09,22:50:02,84,84,
1085,2022/04/05,11:23:46,85,85,
1086,2022/04/24,15:34:02,86,86,
1087,2022/10/01,05:51:46,87,87,
1088,2022/06/18,19:05:02,88,88,
1089,2022/09/02,12:27:51,89,89,
1090,2022/06/02,23:33:53,90,90,
1091,2022/02/14,19:31:03,91,91,
1092,2022/01/27,20:06:17,92,92,
1093,2022/11/20,05:47:59,93,93,
1094,2022/05/19,13:19:45,94,94,
1095,2022/05/01,10:53:12,95,95,
1096,2022/07/06,11:09:07,96,96,
1097,2022/09/21,05:20:09,97,97,
1098,2022/12/01,01:48:31,98,98,
1099,2022/01/16,11:57:40,99,99,
1100,2022/03/06,10:58:19,0,100,
1101,2022/12/28,07:07:36,1,101,
1102,2022/07/04,02:44:13,2,102,
1103,2022/05/31,17:29:06,3,103,
1104,2022/08/22,16:15:25,4,104,
1105,2022/12/15,09:11:44,5,105,
1106,2022/11/19,09:38:34,6,106,
1107,2022/05/25,18:32:47,7,107,
1108,2022/01/19,00:18:03,8,108,
1109,2022/09/24,12:42:18,9,109,
1110,2022/02/02,13:28:13,10,110,
1111,2022/10/05,17:56:07,11,111,
1112,2022/04/21,04:35:08,12,112,
1113,2022/09/15,19:16:16,13,113,
1114,2022/02/01,06:14:04,14,114,
1115,2022/12/26,20:39:44,15,115,
1116,2022/04/13,18:41:51,16,116,
1117,2022/04/13,17:06:10,17,117,
1118,2022/06/21,02:42:50,18,118,
1119,2022/07/03,14:03:53,19,119,
1120,2022/08/12,16:41:51,20,120,
1121,2022/07/11,16:39:02,21,121,
1122,2022/10/04,11:32:25,22,122,
1123,2022/12/13,18:44:28,23,123,
1124,2022/10/01,10:01:36,24,124,
1125,2022/07/16,07:31:21,25,125,
1126,2022/03/22,02:03:10,26,126,
1127,2022/06/03,03:14:34,27,127,
1128,2022/05/05,14:56:17,28,128,
1129,2022/08/06,08:26:29,29,129,
1130,2022/05/15,18:16:55,30,130,
1131,2022/10/31,06:22:30,31,131,
1132,2022/02/28,23:30:02,32,132,
1133,2022/05/26,09:09:35,33,133,
1134,2022/06/21,00:52:35,34,134,
1135,2022/12/06,15:05:24,35,135,
1136,2022/02/11,07:45:03,36,136,
1137,2022/12/18,23:07:40,37,137,
1138,2022/09/14,15:10:04,38,138,
1139,2022/07/28,17:28:48,39,139,
1140,2022/01/16,12:56:12,40,140,
1141,2022/01/13,15:19:55,41,141,
1142,2022/11/19,12:14:44,42,142,
1143,2022/03/22,16:58:09,43,143,
1144,2022/05/11,17:53:36,44,144,
1145,2022/01/03,05:18:34,45,145,
1146,2022/10/26,16:17:46,46,146,
1147,2022/11/26,17:57:32,47,147,
1148,2022/09/29,00:33:08,48,148,
1149,2022/09/22,19:47:33,49,149,
1150,2022/09/21,18:30:25,50,150,
1151,2022/01/06,01:51:08,51,151,
1152,2022/06/14,19:41:15,52,152,
1153,2022/09/24,14:51:54,53,153,
1154,2022/04/26,23:46:16,54,154,
1155,2022/08/30,14:22:34,55,155,
1156,2022/11/21,14:32:32,56,156,
1157,2022/09/21,00:24:27,57,157,
1158,2022/06/19,23:37:43,58,158,
1159,2022/07/18,15:19:55,59,159,
1160,2022/08/09,18:21:24,60,160,
1161,2022/05/10,15:46:49,61,161,
1162,2022/06/30,06:19:46,62,162,
1163,2022/06/30,22:39:13,63,163,
1164,2022/10/18,16:46:06,64,164,
1165,2022/08/25,08:21:26,65,165,
1166,2022/08/02,11:22:36,66,166,
1167,2022/02/26,03:46:01,67,167,
1168,2022/12/18,11:17:21,68,168,
1169,2022/08/16,03:41:51,69,169,
1170,2022/10/31,01:56:40,70,170,
1171,2022/06/28,07:09:50,71,171,
1172,2022/05/21,03:11:19,72,172,
1173,2022/12/01,04:42:42,73,173,
1174,2022/11/22,15:43:21,74,174,
1175,2022/01/22,17:47:52,75,175,
1176,2022/06/09,23:54:41,76,176,
1177,2022/06/27,20:35:19,77,177,
1178,2022/04/27,02:20:20,78,178,
1179,2022/03/23,20:53:16,79,179,
1180,2022/01/19,22:20:24,80,180,
1181,2022/09/20,01:23:08,81,181,
1182,2022/12/21,08:59:46,82,182,
1183,2022/10/15,09:03:51,83,183,
1184,2022/09/26,14:56:36,84,184,
1185,2022/06/29,16:07:16,85,185,
1186,2022/02/19,03:47:51,86,186,
1187,2022/09/10,15:13:46,87,187,
1188,2022/01/03,02:42:28,88,188,
1189,2022/01/06,06:09:39,89,189,
1190,2022/03/24,11:16:00,90,190,
1191,2022/10/08,13:23:39,91,191,
1192,2022/02/23,07:24:14,92,192,
1193,2022/07/06,10:39:49,93,193,
1194,2022/03/10,19:53:28,94,194,
1195,2022/09/06,06:36:15,95,195,
1196,2022/08/10,13:33:17,96,196,
1197,2022/01/26,13:26:53,97,197,
1198,2022/01/07,12:02:45,98,198,
1199,2022/07/29,12:28:46,99,199,
1200,2022/07/13,23:22:11,0,200,
1201,2022/03/21,22:18:51,1,201,
1202,2022/12/22,06:45:05,2,202,
1203,2022/01/11,14:45:28,3,203,
1204,2022/02/20,10:02:51,4,204,
1205,2022/01/13,01:05:59,5,205,
1206,2022/06/01,13:57:57,6,206,
1207,2022/05/06,23:41:08,7,207,
1208,2022/01/11,19:00:18,8,208,
1209,2022/11/18,19:45:18,9,209,
1210,2022/05/01,13:58:01,10,210,
1211,2022/04/19,17:00:24,11,211,
1212,2022/07/30,05:03:55,12,212,
1213,2022/01/20,15:13:11,13,213,
1214,2022/01/07,08:03:08,14,214,
1215,2022/10/31,14:35:25,15,215,
1216,2022/01/03,14:32:03,16,216,
1217,2022/12/03,09:21:48,17,217,
1218,2022/06/20,08:41:21,18,218,
1219,2022/05/16,22:32:32,19,219,
1220,2022/10/31,13:39:32,20,220,
1221,2022/05/26,16:29:23,21,221,
1222,2022/05/21,19:19:22,22,222,
1223,2022/09/02,02:22:38,23,223,
1224,2022/09/19,10:58:58,24,224,
1225,2022/10/05,02:09:51,25,225,
1226,2022/12/03,12:03:27,26,226,
1227,2022/06/15,18:47:57,27,227,
1228,2022/12/17,09:37:09,28,228,
1229,2022/03/03,18:03:23,29,229,
1230,2022/08/01,15:34:33,30,230,
1231,2022/03/24,16:22:45,31,231,
1232,2022/03/06,06:47:42,32,232,
1233,2022/06/14,10:00:49,33,233,
1234,2022/10/25,22:35:50,34,234,
1235,2022/12/19,14:34:26,35,235,
1236,2022/11/01,10:06:57,36,236,
1237,2022/12/20,17:33:43,37,237,
1238,2022/04/20,01:35:55,38,238,
1239,2022/09/03,19:05:23,39,239,
1240,2022/10/09,01:26:56,40,240,
1241,2022/08/09,00:09:14,41,241,
1242,2022/12/13,15:46:34,42,242,
1243,2022/11/19,08:41:28,43,243,
1244,2022/10/23,14:02:00,44,244,
1245,2022/03/16,15:13:59,45,245,
1246,2022/01/29,13:59:20,46,246,
1247,2022/09/13,09:09:52,47,247,
1248,2022/02/05,17:35:34,48,248,
1249,2022/01/31,01:26:33,49,249,
1250,2022/04/21,01:15:09,50,250,
1251,2022/12/09,08:14:14,51,251,
1252,2022/11/04,09:26:50,52,252,
1253,2022/04/28,08:36:48,53,253,
1254,2022/02/19,22:06:43,54,254,
1255,2022/05/18,11:12:37,55,255,
1256,2022/06/30,13:02:52,56,256,
1257,2022/01/03,07:43:59,57,257,
1258,2022/04/23,07:27:23,58,258,
1259,2022/04/15,03:28:04,59,259,
1260,2022/08/07,20:48:05,60,260,
1261,2022/08/29,00:06:00,61,261,
1262,2022/04/15,23:00:47,62,262,
1263,2022/09/07,12:56:37,63,263,
1264,2022/11/01,12:33:45,64,264,
1265,2022/07/03,16:53:02,65,265,
1266,2022/07/13,17:02:53,66,266,
1267,2022/01/11,02:54:21,67,267,
1268,2022/01/08,18:21:04,68,268,
1269,2022/04/14,08:16:57,69,269,
1270,2022/06/18,12:20:39,70,270,
1271,2022/03/20,21:04:24,71,271,
1272,2022/01/07,18:45:25,72,272,
1273,2022/10/17,10:35:28,73,273,
1274,2022/03/03,04:16:25,74,274,
1275,2022/03/12,13:47:27,75,275,
1276,2022/11/16,07:36:51,76,276,
1277,2022/05/21,21:51:48,77,277,
1278,2022/05/01,23:19:05,78,278,
1279,2022/07/07,03:49:14,79,279,
1280,2022/09/02,22:11:15,80,280,
1281,2022/01/09,07:29:41,81,281,
1282,2022/11/25,20:41:41,82,282,
1283,2022/08/06,14:58:49,83,283,
1284,2022/10/11,18:21:00,84,284,
1285,2022/09/16,20:52:33,85,285,
1286,2022/07/02,19:43:54,86,286,
1287,2022/08/07,08:09:39,87,287,
1288,2022/08/16,20:20:13,88,288,
1289,2022/05/20,13:11:29,89,289,
1290,2022/08/05,19:02:50,90,290,
1291,2022/02/12,03:02:25,91,291,
1292,2022/03/01,03:17:20,92,292,
1293,2022/07/04,06:47:25,93,293,
1294,2022/11/06,11:56:57,94,294,
1295,2022/02/16,02:48:19,95,295,
1296,2022/07/18,05:43:41,96,296,
1297,2022/01/17,09:39:04,97,297,
1298,2022/05/06,11:14:11,98,298,
1299,2022/11/21,20:04:49,99,299,
1300,2022/10/09,11:13:20,0,300,
1301,2022/07/12,13:49:30,1,301,
1302,2022/06/03,23:39:13,2,302,
1303,2022/09/23,18:53:14,3,303,
1304,2022/05/03,06:23:42,4,304,
1305,2022/05/07,18:44:00,5,305,
1306,2022/05/22,08:41:25,6,306,
1307,2022/11/26,06:00:44,7,307,
1308,2022/01/28,19:02:30,8,308,
1309,2022/07/25,12:24:39,9,309,
1310,2022/06/06,19:29:27,10,310,
1311,2022/12/31,19:59:12,11,311,
1312,2022/10/04,20:06:08,12,312,
1313,2022/10/16,03:37:14,13,313,
1314,2022/04/28,11:00:09,14,314,
1315,2022/07/09,14:12:25,15,315,
1316,2022/03/09,14:38:27,16,316,
1317,2022/01/02,15:43:46,17,317,
1318,2022/11/17,18:44:59,18,318,
1319,2022/08/27,04:28:28,19,319,
1320,2022/09/28,17:28:50,20,320,
1321,2022/04/19,02:12:24,21,321,
1322,2022/03/21,02:25:03,22,322,
1323,2022/05/19,04:08:48,23,323,
1324,2022/09/25,13:26:40,24,324,
1325,2022/12/08,02:03:31,25,325,
1326,2022/04/03,06:23:20,26,326,
1327,2022/05/04,03:32:35,27,327,
1328,2022/12/13,00:59:23,28,328,
1329,2022/04/09,07:53:02,29,329,
1330,2022/01/16,21:25:01,30,330,
1331,2022/03/27,14:00:28,31,331,
1332,2022/03/28,19:24:23,32,332,
1333,2022/04/16,00:48:12,33,333,
1334,2022/10/29,06:51:28,34,334,
1335,2022/08/07,00:28:59,35,335,
1336,2022/01/25,14:23:57,36,336,
1337,2022/12/10,23:30:58,37,337,
1338,2022/12/17,05:24:17,38,338,
1339,2022/03/16,21:29:43,39,339,
1340,2022/05/27,12:46:06,40,340,
1341,2022/06/29,05:36:40,41,341,
1342,2022/01/20,14:28:11,42,342,
1343,2022/07/08,12:06:18,43,343,
1344,2022/04/12,14:13:51,44,344,
1345,2022/06/28,15:59:11,45,345,
1346,2022/12/17,20:10:15,46,346,
1347,2022/11/25,16:17:50,47,347,
1348,2022/12/11,03:53:31,48,348,
1349,2022/03/12,23:22:31,49,349,
1350,2022/07/24,07:42:18,50,350,
1351,2022/07/04,20:15:08,51,351,
1352,2022/07/06,19:34:31,52,352,
1353,2022/06/16,16:39:26,53,353,
1354,2022/05/02,10:09:56,54,354,
1355,2022/01/08,04:41:51,55,355,
1356,2022/05/13,19:13:24,56,356,
1357,2022/06/28,01:37:09,57,357,
1358,2022/04/03,05:47:01,58,358,
1359,2022/10/05,11:40:09,59,359,
1360,2022/11/16,09:39:27,60,360,
1361,2022/12/08,16:28:21,61,361,
1362,2022/07/05,08:20:03,62,362,
1363,2022/10/09,06:13:25,63,363,
1364,2022/03/01,01:39:14,64,364,
1365,2022/03/20,14:47:02,65,365,
1366,2022/01/02,09:19:18,66,366,
1367,2022/11/13,09:37:06,67,367,
1368,2022/10/31,09:40:29,68,368,
1369,2022/01/26,18:19:22,69,369,
1370,2022/09/24,20:50:42,70,370,
1371,2022/10/23,20:21:44,71,371,
1372,2022/02/01,19:57:32,72,372,
1373,2022/09/29,14:58:18,73,373,
1374,2022/06/04,19:36:51,74,374,
1375,2022/02/03,00:48:29,75,375,
1376,2022/07/29,07:45:23,76,376,
1377,2022/04/17,05:23:26,77,377,
1378,2022/01/29,20:58:45,78,378,
1379,2022/12/23,02:43:48,79,379,
1380,2022/10/23,05:35:27,80,380,
1381,2022/11/03,15:35:21,81,381,
1382,2022/04/09,14:10:22,82,382,
1383,2022/10/14,22:00:11,83,383,
1384,2022/02/27,13:14:22,84,384,
1385,2022/11/26,06:51:00,85,385,
1386,2022/05/07,04:15:20,86,386,
1387,2022/07/16,00:58:40,87,387,
1388,2022/08/06,21:43:49,88,388,
1389,2022/01/13,19:11:42,89,389,
1390,2022/12/02,10:51:34,90,390,
1391,2022/07/06,10:05:01,91,391,
1392,2022/10/29,09:09:12,92,392,
1393,2022/05/25,01:08:22,93,393,
1394,2022/04/05,20:53:58,94,394,
1395,2022/04/11,18:02:49,95,395,
1396,2022/06/06,13:40:53,96,396,
1397,2022/01/19,14:05:03,97,397,
1398,2022/06/16,23:01:48,98,398,
1399,2022/04/10,13:34:47,99,399,
1400,2022/01/31,10:33:09,0,400,
1401,2022/01/28,22:36:35,1,401,
1402,2022/07/16,18:39:38,2,402,
1403,2022/01/07,08:36:10,3,403,
1404,2022/02/16,00:40:53,4,404,
1405,2022/10/01,09:29:14,5,405,
1406,2022/11/02,07:07:49,6,406,
1407,2022/06/11,02:49:07,7,407,
1408,2022/12/12,12:13:39,8,408,
1409,2022/06/22,04:25:24,9,409,
1410,2022/04/29,10:57:32,10,410,
1411,2022/01/23,21:16:39,11,411,
1412,2022/12/03,10:54:05,12,412,
1413,2022/02/15,21:04:33,13,413,
1414,2022/09/09,10:00:51,14,414,
1415,2022/10/31,22:35:07,15,415,
1416,2022/12/26,03:49:12,16,416,
1417,2022/01/14,23:45:06,17,417,
1418,2022/06/07,07:35:31,18,418,
1419,2022/01/11,02:20:09,19,419,
1420,2022/01/05,12:45:55,20,420,
1421,2022/10/23,11:37:32,21,421,
1422,2022/03/03,14:01:05,22,422,
1423,2022/06/04,04:07:01,23,423,
1424,2022/07/13,10:46:41,24,424,
1425,2022/08/09,05:21:57,25,425,
1426,2022/12/18,01:12:02,26,426,
1427,2022/08/09,04:46:54,27,427,
1428,2022/08/01,06:34:11,28,428,
1429,2022/08/29,01:47:48,29,429,
1430,2022/06/06,18:50:48,30,430,
1431,2022/04/07,04:49:01,31,431,
1432,2022/08/15,02:58:41,32,432,
1433,2022/03/06,23:01:36,33,433,
1434,2022/10/11,06:53:29,34,434,
1435,2022/09/16,07:45:12,35,435,
1436,2022/10/25,11:33:19,36,436,
1437,2022/10/25,09:09:17,37,437,
1438,2022/03/20,19:16:42,38,438,
1439,2022/01/11,13:18:36,39,439,
1440,2022/03/09,20:33:34,40,440,
1441,2022/06/12,03:59:31,41,441,
1442,2022/04/12,03:50:10,42,442,
1443,2022/07/26,14:14:33,43,443,
1444,2022/05/09,06:05:23,44,444,
1445,2022/11/10,10:44:49,45,445,
1446,2022/01/02,20:08:38,46,446,
1447,2022/09/21,05:00:53,47,447,
1448,2022/12/05,23:33:03,48,448,
1449,2022/08/26,21:41:48,49,449,
1450,2022/01/28,21:18:41,50,450,
1451,2022/03/08,16:29:07,51,451,
1452,2022/09/28,09:21:18,52,452,
1453,2022/06/16,23:34:05,53,453,
1454,2022/04/15,12:19:32,54,454,
1455,2022/01/28,04:45:52,55,455,
1456,2022/06/19,06:07:24,56,456,
1457,2022/03/10,16:16:28,57,457,
1458,2022/12/29,12:48:09,58,458,
1459,2022/09/28,00:42:31,59,459,
1460,2022/05/10,23:45:34,60,460,
1461,2022/01/24,04:41:35,61,461,
1462,2022/06/03,10:30:39,62,462,
1463,2022/01/17,03:35:04,63,463,
1464,2022/02/19,05:37:18,64,464,
1465,2022/07/02,13:27:45,65,465,
1466,2022/12/01,04:49:52,66,466,
1467,2022/05/31,11:13:05,67,467,
1468,2022/04/08,01:37:58,68,468,
1469,2022/03/02,08:16:28,69,469,
1470,2022/08/08,05:17:37,70,470,
1471,2022/01/19,16:01:25,71,471,
1472,2022/02/03,14:52:34,72,472,
1473,2022/10/15,11:02:59,73,473,
1474,2022/12/22,05:35:35,74,474,
1475,2022/01/21,07:53:50,75,475,
1476,2022/08/20,01:35:41,76,476,
1477,2022/07/14,18:48:33,77,477,
1478,2022/05/30,10:01:11,78,478,
1479,2022/04/20,08:25:54,79,479,
1480,2022/01/25,03:51:10,80,480,
1481,2022/12/21,22:42:51,81,481,
1482,2022/08/10,09:19:15,82,482,
1483,2022/05/08,00:25:55,83,483,
1484,2022/01/10,19:12:32,84,484,
1485,2022/01/14,08:10:18,85,485,
1486,2022/06/22,20:29:51,86,486,
1487,2022/10/24,16:02:04,87,487,
1488,2022/05/24,15:15:23,88,488,
1489,2022/06/11,19:15:46,89,489,
1490,2022/12/09,05:41:17,90,490,
1491,2022/10/28,13:07:14,91,491,
1492,2022/03/17,06:45:14,92,492,
1493,2022/06/23,20:17:39,93,493,
1494,2022/09/19,21:01:11,94,494,
1495,2022/08/10,01:36:08,95,495,
1496,2022/09/24,11:36:41,96,496,
1497,2022/02/15,20:27:38,97,497,
1498,2022/01/11,12:35:42,98,498,
1499,2022/04/21,09:25:22,99,499,
1500,2022/12/15,04:13:44,0,500,
1501,2022/12/18,16:42:05,1,501,
1502,2022/09/21,07:33:08,2,502,
1503,2022/07/08,02:14:54,3,503,
1504,2022/01/08,12:27:33,4,504,
1505,2022/04/15,11:58:24,5,505,
1506,2022/06/13,23:24:34,6,506,
1507,2022/04/03,12:16:25,7,507,
1508,2022/04/18,23:06:25,8,508,
1509,2022/05/02,20:06:21,9,509,
1510,2022/08/31,20:21:49,10,510,
1511,2022/03/15,20:39:11,11,511,
1512,2022/02/27,10:51:24,12,512,
1513,2022/09/03,15:52:15,13,513,
1514,2022/09/24,06:37:53,14,514,
1515,2022/07/22,04:41:22,15,515,
1516,2022/09/15,21:46:35,16,516,
1517,2022/01/27,18:41:22,17,517,
1518,2022/05/13,20:29:51,18,518,
1519,2022/10/20,17:42:29,19,519,
1520,2022/11/22,16:18:51,20,520,
1521,2022/05/22,15:34:17,21,521,
1522,2022/02/22,03:12:12,22,522,
1523,2022/03/07,09:40:14,23,523,
1524,2022/11/10,05:33:34,24,524,
1525,2022/04/26,16:12:53,25,525,
1526,2022/12/05,12:37:16,26,526,
1527,2022/09/30,17:24:02,27,527,
1528,2022/06/18,09:00:43,28,528,
1529,2022/02/01,22:46:12,29,529,
1530,2022/04/26,08:02:20,30,530,
1531,2022/04/04,07:58:39,31,531,
1532,2022/04/03,19:10:33,32,532,
1533,2022/05/10,05:50:22,33,533,
1534,2022/07/05,04:13:45,34,534,
1535,2022/03/31,02:03:32,35,535,
1536,2022/05/30,13:25:28,36,536,
1537,2022/12/11,08:56:01,37,537,
1538,2022/03/27,12:43:24,38,538,
1539,2022/02/01,20:38:21,39,539,
1540,2022/05/16,17:04:41,40,540,
1541,2022/03/09,22:21:21,41,541,
1542,2022/08/11,08:27:54,42,542,
1543,2022/11/24,06:36:55,43,543,
1544,2022/03/08,10:04:31,44,544,
1545,2022/12/03,07:24:10,45,545,
1546,2022/01/16,18:20:28,46,546,
1547,2022/07/13,01:15:26,47,547,
1548,2022/10/20,04:17:15,48,548,
1549,2022/08/03,08:04:28,49,549,
1550,2022/07/24,07:37:34,50,550,
1551,2022/01/12,10:39:42,51,551,
1552,2022/11/22,01:38:11,52,552,
1553,2022/10/12,06:09:09,53,553,
1554,2022/03/27,18:06:34,54,554,
1555,2022/05/05,10:53:20,55,555,
1556,2022/10/25,06:12:23,56,556,
1557,2022/04/09,05:58:01,57,557,
1558,2022/07/08,18:23:02,58,558,
1559,2022/02/12,01:55:37,59,559,
1560,2022/11/09,00:58:58,60,560,
1561,2022/06/08,01:29:16,61,561,
1562,2022/09/01,00:34:40,62,562,
1563,2022/11/14,11:15:14,63,563,
1564,2022/12/08,00:45:47,64,564,
1565,2022/06/28,22:27:13,65,565,
1566,2022/08/15,10:36:48,66,566,
1567,2022/11/28,02:28:20,67,567,
1568,2022/04/22,18:41:05,68,568,
1569,2022/01/15,22:45:32,69,569,
1570,2022/12/08,23:59:48,70,570,
1571,2022/09/17,11:03:41,71,571,
1572,2022/12/19,19:24:55,72,572,
1573,2022/10/09,03:28:15,73,573,
1574,2022/09/17,15:47:29,74,574,
1575,2022/09/22,05:49:10,75,575,
1576,2022/11/09,18:47:48,76,576,
1577,2022/05/28,18:26:36,77,577,
1578,2022/08/01,04:32:07,78,578,
1579,2022/09/30,13:56:08,79,579,
1580,2022/01/02,21:13:56,80,580,
1581,2022/02/15,11:47:19,81,581,
1582,2022/03/04,18:59:58,82,582,
1583,2022/05/15,14:32:25,83,583,
1584,2022/03/13,01:06:48,84,584,
1585,2022/03/02,12:37:44,85,585,
1586,2022/08/29,11:38:51,86,586,
1587,2022/02/07,01:13:15,87,587,
1588,2022/11/26,20:39:14,88,588,
1589,2022/04/16,03:30:38,89,589,
1590,2022/04/29,21:16:50,90,590,
1591,2022/03/28,10:13:05,91,591,
1592,2022/06/18,13:27:45,92,592,
1593,2022/04/01,17:25:02,93,593,
1594,2022/02/26,11:46:27,94,594,
1595,2022/07/02,23:13:37,95,595,
1596,2022/10/01,01:31:02,96,596,
1597,2022/07/22,03:18:11,97,597,
1598,2022/12/27,07:11:33,98,598,
1599,2022/01/28,12:16:27,99,599,
1600,2022/11/24,23:59:52,0,600,
1601,2022/02/16,22:45:41,1,601,
1602,2022/09/24,01:59:54,2,602,
1603,2022/07/23,00:05:00,3,603,
1604,2022/10/07,02:38:31,4,604,
1605,2022/08/02,11:58:38,5,605,
1606,2022/07/31,13:07:33,6,606,
1607,2022/11/25,11:10:52,7,607,
1608,2022/03/09,13:32:50,8,608,
1609,2022/05/09,11:07:11,9,609,
1610,2022/05/09,07:09:24,10,610,
1611,2022/06/14,23:34:55,11,611,
1612,2022/03/23,01:28:57,12,612,
1613,2022/10/08,01:15:24,13,613,
1614,2022/05/01,07:17:08,14,614,
1615,2022/07/29,08:13:29,15,615,
1616,2022/01/03,16:12:36,16,616,
1617,2022/11/18,23:19:39,17,617,
1618,2022/03/21,18:15:11,18,618,
1619,2022/07/11,21:09:32,19,619,
1620,2022/10/17,15:55:23,20,620,
1621,2022/08/24,16:00:06,21,621,
1622,2022/02/10,15:50:08,22,622,
1623,2022/07/15,16:37:40,23,623,
1624,2022/05/11,22:58:38,24,624,
1625,2022/09/04,04:17:11,25,625,
1626,2022/08/03,07:57:12,26,626,
1627,2022/04/16,08:37:28,27,627,
1628,2022/11/27,12:34:16,28,628,
1629,2022/10/24,14:30:31,29,629,
1630,2022/05/05,06:52:27,30,630,
1631,2022/03/20,06:36:38,31,631,
1632,2022/01/20,03:41:50,32,632,
1633,2022/02/05,13:24:15,33,633,
1634,2022/11/30,20:25:36,34,634,
1635,2022/05/04,00:47:34,35,635,
1636,2022/07/26,21:08:36,36,636,
1637,2022/12/07,05:02:32,37,637,
1638,2022/07/02,16:15:08,38,638,
1639,2022/07/29,21:30:23,39,639,
1640,2022/12/17,21:25:16,40,640,
1641,2022/08/02,05:56:24,41,641,
1642,2022/11/06,14:20:49,42,642,
1643,2022/09/07,19:57:21,43,643,
1644,2022/02/14,01:19:37,44,644,
1645,2022/03/20,00:51:40,45,645,
1646,2022/09/26,19:06:05,46,646,
1647,2022/05/06,20:32:55,47,647,
1648,2022/06/25,00:08:22,48,648,
1649,2022/02/13,01:11:20,49,649,
1650,2022/07/31,13:35:35,50,650,
1651,2022/12/26,18:17:00,51,651,
1652,2022/07/17,10:14:51,52,652,
1653,2022/12/13,14:51:36,53,653,
1654,2022/01/30,04:28:41,54,654,
1655,2022/05/22,20:43:36,55,655,
1656,2022/09/14,09:31:11,56,656,
1657,2022/12/17,23:05:36,57,657,
1658,2022/01/15,05:27:23,58,658,
1659,2022/03/10,15:45:05,59,659,
1660,2022/08/25,10:40:01,60,660,
1661,2022/08/16,17:54:22,61,661,
1662,2022/09/24,13:16:48,62,662,
1663,2022/10/01,11:39:37,63,663,
1664,2022/11/02,05:37:33,64,664,
1665,2022/03/12,19:53:22,65,665,
1666,2022/06/04,14:03:03,66,666,
1667,2022/02/05,03:38:08,67,667,
1668,2022/10/23,17:22:39,68,668,
1669,2022/12/28,14:15:06,69,669,
1670,2022/12/23,07:12:08,70,670,
1671,2022/11/05,14:44:37,71,671,
1672,2022/05/03,21:49:31,72,672,
1673,2022/07/14,12:55:02,73,673,
1674,2022/08/08,16:30:54,74,674,
1675,2022/05/01,03:18:55,75,675,
1676,2022/08/21,22:26:19,76,676,
1677,2022/09/30,15:27:31,77,677,
1678,2022/03/11,04:56:54,78,678,
1679,2022/05/04,23:43:16,79,679,
1680,2022/03/29,12:49:52,80,680,
1681,2022/12/07,05:00:46,81,681,
1682,2022/11/01,23:16:01,82,682,
1683,2022/03/15,15:39:27,83,683,
1684,2022/02/13,02:00:14,84,684,
1685,2022/03/14,04:13:25,85,685,
1686,2022/06/01,11:27:08,86,686,
1687,2022/02/18,14:26:55,87,687,
1688,2022/04/04,04:56:41,88,688,
1689,2022/06/24,05:44:05,89,689,
1690,2022/05/16,13:55:47,90,690,
1691,2022/01/05,10:40:05,91,691,
1692,2022/09/30,18:45:48,92,692,
1693,2022/06/24,15:05:03,93,693,
1694,2022/01/28,11:07:00,94,694,
1695,2022/01/30,03:09:40,95,695,
1696,2022/01/23,00:43:53,96,696,
1697,2022/01/17,02:03:14,97,697,
1698,2022/05/17,14:16:45,98,698,
1699,2022/03/26,13:19:13,99,699,
1700,2022/02/16,00:03:48,0,700,
1701,2022/10/27,05:07:40,1,701,
1702,2022/04/04,12:52:20,2,702,
1703,2022/10/21,07:48:21,3,703,
1704,2022/04/26,01:24:11,4,704,
1705,2022/04/08,14:14:35,5,705,
1706,2022/09/11,01:13:03,6,706,
1707,2022/02/16,10:13:47,7,707,
1708,2022/07/12,12:45:28,8,708,
1709,2022/04/27,18:42:21,9,709,
1710,2022/02/08,10:56:44,10,710,
1711,2022/03/16,12:13:25,11,711,
1712,2022/11/27,17:48:38,12,712,
1713,2022/04/14,20:46:04,13,713,
1714,2022/01/03,22:55:11,14,714,
1715,2022/04/07,19:14:56,15,715,
1716,2022/12/08,04:04:13,16,716,
1717,2022/10/10,05:22:06,17,717,
1718,2022/10/21,11:22:27,18,718,
1719,2022/02/10,20:40:44,19,719,
1720,2022/11/30,07:23:28,20,720,
1721,2022/10/04,23:25:03,21,721,
1722,2022/10/11,23:26:16,22,722,
1723,2022/06/11,16:20:05,23,723,
1724,2022/01/25,18:30:37,24,724,
1725,2022/01/13,20:54:10,25,725,
1726,2022/09/05,10:38:53,26,726,
1727,2022/08/14,21:36:34,27,727,
1728,2022/10/19,01:00:21,28,728,
1729,2022/09/11,03:08:29,29,729,
1730,2022/08/03,07:06:30,30,730,
1731,2022/07/14,12:59:16,31,731,
1732,2022/11/05,14:30:22,32,732,
1733,2022/05/27,05:14:26,33,733,
1734,2022/11/08,09:16:43,34,734,
1735,2022/07/21,19:33:31,35,735,
1736,2022/04/26,02:20:22,36,736,
1737,2022/07/16,15:30:25,37,737,
1738,2022/04/22,00:50:52,38,738,
1739,2022/09/19,04:17:18,39,739,
1740,2022/11/18,07:58:32,40,740,
1741,2022/07/22,22:05:16,41,741,
1742,2022/01/22,21:08:40,42,742,
1743,2022/08/14,15:10:30,43,743,
1744,2022/08/23,00:42:02,44,744,
1745,2022/01/23,02:15:02,45,745,
1746,2022/08/06,21:56:15,46,746,
1747,2022/09/01,12:21:33,47,747,
1748,2022/05/20,21:05:08,48,748,
1749,2022/07/07,12:16:22,49,749,
1750,2022/12/24,02:33:36,50,750,
1751,2022/09/12,16:58:01,51,751,
1752,2022/03/29,19:16:06,52,752,
1753,2022/07/11,10:02:29,53,753,
1754,2022/04/20,08:38:29,54,754,
1755,2022/02/01,21:15:37,55,755,
1756,2022/01/25,12:43:41,56,756,
1757,2022/02/21,22:58:24,57,757,
1758,2022/10/09,06:17:58,58,758,
1759,2022/10/24,15:14:33,59,759,
1760,2022/12/04,20:51:08,60,760,
1761,2022/08/22,18:05:27,61,761,
1762,2022/02/16,14:08:09,62,762,
1763,2022/03/17,20:49:48,63,763,
1764,2022/07/19,21:21:05,64,764,
1765,2022/09/02,06:11:55,65,765,
1766,2022/02/05,21:28:41,66,766,
1767,2022/03/31,19:57:49,67,767,
1768,2022/09/06,01:57:46,68,768,
1769,2022/10/20,23:42:31,69,769,
1770,2022/03/26,10:59:39,70,770,
1771,2022/09/02,20:31:41,71,771,
1772,2022/09/02,23:19:11,72,772,
1773,2022/10/14,03:37:54,73,773,
1774,2022/04/25,03:30:51,74,774,
1775,2022/04/26,13:09:50,75,775,
1776,2022/09/02,00:29:35,76,776,
1777,2022/02/14,16:55:41,77,777,
1778,2022/02/11,03:22:17,78,778,
1779,2022/05/04,13:55:10,79,779,
1780,2022/05/08,12:49:37,80,780,
1781,2022/09/18,20:41:37,81,781,
1782,2022/03/31,07:35:05,82,782,
1783,2022/05/02,19:56:37,83,783,
1784,2022/12/29,09:19:45,84,784,
1785,2022/09/22,20:21:09,85,785,
1786,2022/05/17,05:42:22,86,786,
1787,2022/06/24,13:07:24,87,787,
1788,2022/05/09,19:09:12,88,788,
1789,2022/11/16,13:18:36,89,789,
1790,2022/01/16,11:48:31,90,790,
1791,2022/03/09,20:58:57,91,791,
1792,2022/08/24,12:08:53,92,792,
1793,2022/11/08,18:49:12,93,793,
1794,2022/10/27,09:57:42,94,794,
1795,2022/11/28,03:59:15,95,795,
1796,2022/07/27,03:40:39,96,796,
1797,2022/07/20,16:16:41,97,797,
1798,2022/08/24,01:03:23,98,798,
1799,2022/02/10,08:13:38,99,799,
1800,2022/03/22,19:10:09,0,800,
1801,2022/04/03,02:18:51,1,801,
1802,2022/06/03,20:50:36,2,802,
1803,2022/07/06,09:22:37,3,803,
1804,2022/04/07,21:46:02,4,804,
1805,2022/02/04,23:53:47,5,805,
1806,2022/05/12,13:08:18,6,806,
1807,2022/02/11,16:46:56,7,807,
1808,2022/10/23,07:57:34,8,808,
1809,2022/04/26,05:24:10,9,809,
1810,2022/08/04,16:16:02,10,810,
1811,2022/09/03,23:02:41,11,811,
1812,2022/10/08,02:58:21,12,812,
1813,2022/03/06,13:13:09,13,813,
1814,2022/12/30,21:30:13,14,814,
1815,2022/07/20,00:40:45,15,815,
1816,2022/08/31,00:09:10,16,816,
1817,2022/07/22,13:03:05,17,817,
1818,2022/05/08,21:44:35,18,818,
1819,2022/02/22,12:30:21,19,819,
1820,2022/03/13,18:02:37,20,820,
1821,2022/07/29,12:25:11,21,821,
1822,2022/02/24,11:27:24,22,822,
1823,2022/05/13,12:54:16,23,823,
1824,2022/01/11,06:47:03,24,824,
1825,2022/10/29,15:26:08,25,825,
1826,2022/10/21,08:59:53,26,826,
1827,2022/10/14,22:41:35,27,827,
1828,2022/07/26,18:59:02,28,828,
1829,2022/12/21,07:15:28,29,829,
1830,2022/01/10,23:49:26,30,830,
1831,2022/07/01,00:41:48,31,831,
1832,2022/09/25,00:31:03,32,832,
1833,2022/11/07,13:53:29,33,833,
1834,2022/07/07,05:06:45,34,834,
1835,2022/10/02,13:44:33,35,835,
1836,2022/12/20,18:37:19,36,836,
1837,2022/04/29,01:17:28,37,837,
1838,2022/06/05,10:51:24,38,838,
1839,2022/12/13,14:39:01,39,839,
1840,2022/01/04,19:47:52,40,840,
1841,2022/07/10,16:24:36,41,841,
1842,2022/02/22,16:08:33,42,842,
1843,2022/07/26,06:55:05,43,843,
1844,2022/02/23,03:43:34,44,844,
1845,2022/03/25,12:19:32,45,845,
1846,2022/04/11,13:29:30,46,846,
1847,2022/01/03,10:03:02,47,847,
1848,2022/01/02,21:36:19,48,848,
1849,2022/07/03,00:26:53,49,849,
1850,2022/01/10,18:33:19,50,850,
1851,2022/08/07,21:29:20,51,851,
1852,2022/01/28,04:58:33,52,852,
1853,2022/11/10,06:28:56,53,853,
1854,2022/04/12,08:21:36,54,854,
1855,2022/02/07,20:57:27,55,855,
1856,2022/07/13,23:45:10,56,856,
1857,2022/08/01,06:50:20,57,857,
1858,2022/01/17,10:07:13,58,858,
1859,2022/06/27,11:31:33,59,859,
1860,2022/01/10,04:06:27,60,860,
1861,2022/12/03,20:45:48,61,861,
1862,2022/03/02,18:23:46,62,862,
1863,2022/11/20,06:10:32,63,863,
1864,2022/07/21,19:44:49,64,864,
1865,2022/05/12,17:34:41,65,865,
1866,2022/05/10,06:01:17,66,866,
1867,2022/12/07,20:17:20,67,867,
1868,2022/07/26,09:05:46,68,868,
1869,2022/02/19,01:21:36,69,869,
1870,2022/01/12,15:16:27,70,870,
1871,2022/12/01,23:31:39,71,871,
1872,2022/11/15,01:38:43,72,872,
1873,2022/09/06,23:02:04,73,873,
1874,2022/06/21,11:40:17,74,874,
1875,2022/06/09,09:54:42,75,875,
1876,2022/01/29,01:08:00,76,876,
1877,2022/10/05,04:32:40,77,877,
1878,2022/04/12,20:47:33,78,878,
1879,2022/07/11,08:59:43,79,879,
1880,2022/07/20,04:28:53,80,880,
1881,2022/05/13,16:10:55,81,881,
1882,2022/03/11,10:34:17,82,882,
1883,2022/05/28,05:17:36,83,883,
1884,2022/03/14,23:01:50,84,884,
1885,2022/09/04,08:27:07,85,885,
1886,2022/08/31,01:02:03,86,886,
1887,2022/05/01,05:09:54,87,887,
1888,2022/07/16,02:20:18,88,888,
1889,2022/09/22,01:06:29,89,889,
1890,2022/11/13,09:11:51,90,890,
1891,2022/03/19,14:30:34,91,891,
1892,2022/10/16,03:43:51,92,892,
1893,2022/06/16,10:13:35,93,893,
1894,2022/12/02,14:56:32,94,894,
1895,2022/12/09,04:25:10,95,895,
1896,2022/01/24,22:46:06,96,896,
1897,2022/05/18,19:31:21,97,897,
1898,2022/07/19,16:30:30,98,898,
1899,2022/08/24,07:28:47,99,899,
1900,2022/10/29,00:45:45,0,900,
1901,2022/01/06,12:55:13,1,901,
1902,2022/07/02,05:58:27,2,902,
1903,2022/04/13,10:07:21,3,903,
1904,2022/03/14,04:26:48,4,904,
1905,2022/10/24,23:28:29,5,905,
1906,2022/05/31,01:35:52,6,906,
1907,2022/04/09,04:19:14,7,907,
1908,2022/10/17,20:49:56,8,908,
1909,2022/04/06,03:21:39,9,909,
1910,2022/11/27,06:15:04,10,910,
1911,2022/02/10,08:20:21,11,911,
1912,2022/03/02,05:30:30,12,912,
1913,2022/04/16,18:27:50,13,913,
1914,2022/02/18,10:17:50,14,914,
1915,2022/03/10,05:15:10,15,915,
1916,2022/01/16,13:20:25,16,916,
1917,2022/04/26,06:10:21,17,917,
1918,2022/02/12,10:04:47,18,918,
1919,2022/03/03,20:43:44,19,919,
1920,2022/11/22,22:27:54,20,920,
1921,2022/06/18,12:55:28,21,921,
1922,2022/07/02,03:14:31,22,922,
1923,2022/09/24,00:17:02,23,923,
1924,2022/08/12,06:18:56,24,924,
1925,2022/09/29,06:36:27,25,925,
1926,2022/08/12,20:38:39,26,926,
1927,2022/07/09,23:52:27,27,927,
1928,2022/03/30,10:15:50,28,928,
1929,2022/05/11,01:42:21,29,929,
1930,2022/12/16,09:00:55,30,930,
1931,2022/07/23,11:52:13,31,931,
1932,2022/01/22,06:59:41,32,932,
1933,2022/04/27,12:39:24,33,933,
1934,2022/07/06,01:12:27,34,934,
1935,2022/07/11,23:39:18,35,935,
1936,2022/07/02,20:07:32,36,936,
1937,2022/01/26,16:32:00,37,937,
1938,2022/06/19,21:04:37,38,938,
1939,2022/08/20,18:44:30,39,939,
1940,2022/09/10,13:52:41,40,940,
1941,2022/11/01,20:19:27,41,941,
1942,2022/04/13,11:37:56,42,942,
1943,2022/12/27,02:24:22,43,943,
1944,2022/07/29,15:51:51,44,944,
1945,2022/10/19,01:46:59,45,945,
1946,2022/03/12,06:15:51,46,946,
1947,2022/09/03,23:40:05,47,947,
1948,2022/11/12,09:52:53,48,948,
1949,2022/06/17,05:56:37,49,949,
1950,2022/07/20,08:26:18,50,950,
1951,2022/12/19,23:59:25,51,951,
1952,2022/06/03,06:35:07,52,952,
1953,2022/08/22,05:12:25,53,953,
1954,2022/08/03,13:14:50,54,954,
1955,2022/06/06,03:32:38,55,955,
1956,2022/08/31,14:11:31,56,956,
1957,2022/02/04,10:46:46,57,957,
1958,2022/07/21,07:05:51,58,958,
1959,2022/09/22,23:14:40,59,959,
1960,2022/03/07,15:26:24,60,960,
1961,2022/08/26,23:59:32,61,961,
1962,2022/04/12,07:37:27,62,962,
1963,2022/06/16,07:22:39,63,963,
1964,2022/08/15,22:28:10,64,964,
1965,2022/04/21,09:43:31,65,965,
1966,2022/08/12,02:02:21,66,966,
1967,2022/05/17,05:16:43,67,967,
1968,2022/07/20,08:43:15,68,968,
1969,2022/09/30,23:51:17,69,969,
1970,2022/04/26,14:59:17,70,970,
1971,2022/09/24,11:00:28,71,971,
1972,2022/11/11,22:17:58,72,972,
1973,2022/04/02,14:27:55,73,973,
1974,2022/04/14,16:33:15,74,974,
1975,2022/08/23,12:25:33,75,975,
1976,2022/11/16,10:39:19,76,976,
1977,2022/11/02,23:38:44,77,977,
1978,2022/04/14,18:11:06,78,978,
1979,2022/09/19,11:57:19,79,979,
1980,2022/04/11,00:42:47,80,980,
1981,2022/03/11,00:44:30,81,981,
1982,2022/07/14,15:18:47,82,982,
1983,2022/05/03,02:45:57,83,983,
1984,2022/06/20,19:39:18,84,984,
1985,2022/10/07,18:17:22,85,985,
1986,2022/09/29,23:36:17,86,986,
1987,2022/04/29,06:52:55,87,987,
1988,2022/02/01,16:21:16,88,988,
1989,2022/12/25,10:36:19,89,989,
1990,2022/07/29,10:51:52,90,990,
1991,2022/12/04,07:04:35,91,991,
1992,2022/08/16,11:49:54,92,992,
1993,2022/07/16,04:25:18,93,993,
1994,2022/07/12,11:46:56,94,994,
1995,2022/04/12,08:46:57,95,995,
1996,2022/06/23,01:33:49,96,996,
1997,2022/02/24,02:21:48,97,997,
1998,2022/10/05,09:59:32,98,998,
1999,2022/10/30,15:15:03,99,999,
